seq,step_index,step_seq,expected_tag,transition,send_time,rtt,send_size_bytes,recv_size_bytes,frame_step_time
1,-1,1,initial,True,1714896888.1675415,0.9498602919993573,921620,4705,0.0
2,0,1,repeat,False,1714896889.1253166,0.16496333300165134,921620,4705,6.417001713998616e-06
3,0,2,repeat,False,1714896889.2944424,0.1818311659990286,921620,4705,0.17134637500203098
4,0,3,repeat,False,1714896889.4788256,0.21593816699896706,921620,4705,0.35696508300316054
5,0,4,repeat,False,1714896889.6975513,0.23876237500007846,921620,4705,0.5755754170022556
6,0,5,repeat,False,1714896889.9394693,0.21985316700011026,921620,4705,0.8174552920027054
7,0,6,blank,False,1714896890.1626573,0.1070579990009719,921620,4705,1.040403167000477
8,0,7,blank,False,1714896890.2789733,0.16192266600046423,921620,4705,1.153744082999765
9,0,8,repeat,False,1714896890.4498148,0.19767016600235365,921620,4705,1.3248328330009826
10,0,9,blank,False,1714896890.6502228,0.1667594580030709,921620,4705,1.5282743750030932
11,0,10,blank,False,1714896890.8257933,0.11807075000251643,921620,4705,1.7007118750007066
12,0,11,blank,False,1714896890.952516,0.154085000998748,921620,4705,1.8274582080011896
13,0,12,blank,False,1714896891.1155827,0.1647383749987057,921620,4705,1.990270000002056
14,0,13,blank,False,1714896891.2887764,0.1280912910006009,921620,4705,2.163878167000803
15,0,14,blank,False,1714896891.4254212,0.12162670899851946,921620,4705,2.300161792001745
16,0,15,blank,False,1714896891.5553672,0.12643245900108013,921620,4705,2.430661042002612
17,0,16,blank,False,1714896891.6909952,0.11990750000040862,921620,4705,2.5659560420026537
18,0,17,repeat,False,1714896891.8199522,0.1963268750005227,921620,4705,2.6947805840027286
19,0,18,blank,False,1714896892.0193284,0.11687004100167542,921620,4705,2.897347334001097
20,0,19,repeat,False,1714896892.144924,0.21739870899909874,921620,4705,3.0199196260000463
21,0,20,repeat,False,1714896892.3654208,0.22787983299713233,921620,4705,3.2432934590033256
22,0,21,repeat,False,1714896892.5962546,0.16049470900179585,921620,4705,3.4741892510028265
23,0,22,blank,False,1714896892.7591834,0.15568870800052537,921620,4705,3.6374505840030906
24,0,23,blank,False,1714896892.923313,0.12746187499942607,921620,4705,3.7981984590005595
25,0,24,blank,False,1714896893.0594664,0.15612633300042944,921620,4705,3.934407585002191
26,0,25,blank,False,1714896893.2240577,0.14063108299887972,921620,4705,4.098956543002714
27,0,26,blank,False,1714896893.373868,0.11983133299872861,921620,4705,4.248481126000115
28,0,27,blank,False,1714896893.5023627,0.1301610830014397,921620,4705,4.377310543000931
29,0,28,blank,False,1714896893.64074,0.12261508300071,921620,4705,4.5158913350023795
30,0,29,blank,False,1714896893.7724,0.14448004199948628,921620,4705,4.646952210001473
31,0,30,blank,False,1714896893.9257162,0.1722044169982837,921620,4705,4.800683293000475
32,0,31,blank,False,1714896894.1062446,0.128665791999083,921620,4705,4.9812664600030985
33,0,32,blank,False,1714896894.2438233,0.16313158399862004,921620,4705,5.1187322520017915
34,0,33,success,True,1714896894.4136143,0.48764541700074915,921620,9315,5.290918627000792
35,1,1,repeat,False,1714896894.9039085,0.4643554579997726,921620,9315,6.750000466126949e-06
36,1,2,blank,False,1714896895.3700793,0.1882199159990705,921620,9315,0.46615412599931005
37,1,3,blank,False,1714896895.5608623,0.22046612499980256,921620,9315,0.6564925009988656
38,1,4,repeat,False,1714896895.7841942,0.4771047920003184,921620,9315,0.879665209002269
39,1,5,blank,False,1714896896.2632203,0.22803374999784864,921620,9315,1.3593184589990415
40,1,6,repeat,False,1714896896.4940848,0.5112363760017615,921620,9315,1.5896112930022355
41,1,7,repeat,False,1714896897.0085478,0.4735745420002786,921620,9315,2.1039534600022307
42,1,8,repeat,False,1714896897.4848504,0.4453885419970902,921620,9315,2.5802852929991786
43,1,9,blank,False,1714896897.932721,0.16601416699995752,921620,9315,3.028758251999534
44,1,10,repeat,False,1714896898.102027,0.46825950000129524,921620,9315,3.197619959999429
45,1,11,blank,False,1714896898.5721655,0.20141125000009197,921620,9315,3.668343584999093
46,1,12,blank,False,1714896898.7764766,0.1748098750031204,921620,9315,3.8721300860015617
47,1,13,blank,False,1714896898.9540474,0.17630649999773595,921620,9315,4.04971829400165
48,1,14,blank,False,1714896899.1334193,0.18203424999956042,921620,9315,4.22908187700159
49,1,15,blank,False,1714896899.318608,0.16668412599756266,921620,9315,4.414345294000668
50,1,16,repeat,False,1714896899.488294,0.5139864999982819,921620,9315,4.583787710998877
51,1,17,blank,False,1714896900.0045269,0.15822358400328085,921620,9315,5.1004667109991715
52,1,18,success,True,1714896900.1647038,0.5098187910007255,921620,9321,5.2610790860017005
53,2,1,repeat,False,1714896900.6787062,0.46867320900128107,921620,9321,2.624998160172254e-06
54,2,2,blank,False,1714896901.1496747,0.15257874999952037,921620,9321,0.47102845900008106
55,2,3,repeat,False,1714896901.3051596,0.47206062500117696,921620,9321,0.6261670839994622
56,2,4,blank,False,1714896901.779752,0.1576064580003731,921620,9321,1.100751334000961
57,2,5,blank,False,1714896901.9400735,0.20129604199973983,921620,9321,1.2612897920007526
58,2,6,repeat,False,1714896902.1449971,0.4793128749988682,921620,9321,1.4657759590008936
59,2,7,blank,False,1714896902.6264038,0.15578029199969023,921620,9321,1.9478470430003654
60,2,8,blank,False,1714896902.7851536,0.18416679199799546,921620,9321,2.1063473760004854
61,2,9,blank,False,1714896902.987092,0.20467191699935938,921620,9321,2.2942265849997057
62,2,10,blank,False,1714896903.194902,0.22199395800271304,921620,9321,2.515882417999819
63,2,11,blank,False,1714896903.4224827,0.18933079199996428,921620,9321,2.741904626000178
64,2,12,blank,False,1714896903.615599,0.18670466700132238,921620,9321,2.936234209999384
65,2,13,repeat,False,1714896903.8057632,0.49851508399660815,921620,9321,3.1265897519988357
66,2,14,blank,False,1714896904.3064783,0.14981408300081966,921620,9321,3.627928335001343
67,2,15,repeat,False,1714896904.4592798,0.45376379099980113,921620,9321,3.780353169000591
68,2,16,repeat,False,1714896904.9155445,0.46572904200002085,921620,9321,4.236739168998611
69,2,17,blank,False,1714896905.383409,0.21550783299971954,921620,9321,4.70489396099947
70,2,18,blank,False,1714896905.6020665,0.17333804200097802,921620,9321,4.923045668998384
71,2,19,blank,False,1714896905.7786527,0.21979083300175262,921620,9321,5.099587253000209
72,2,20,success,True,1714896906.001102,0.5011359590025677,921620,9312,5.322686168998189
73,3,1,blank,False,1714896906.5053947,0.14864033299818402,921620,9312,2.124997990904376e-06
74,3,2,repeat,False,1714896906.6565838,0.46773637600199436,921620,9312,0.15105216699885204
75,3,3,repeat,False,1714896907.1264706,0.45786045800196007,921620,9312,0.62114529199971
76,3,4,blank,False,1714896907.5864885,0.16190149999965797,921620,9312,1.0811389169975882
77,3,5,repeat,False,1714896907.75086,0.4564027910018922,921620,9312,1.2454357930000697
78,3,6,blank,False,1714896908.2093976,0.1809067079993838,921620,9312,1.7040728339998168
79,3,7,repeat,False,1714896908.3928874,0.47633966699868324,921620,9312,1.8873440429997572
80,3,8,blank,False,1714896908.871569,0.1596540000027744,921620,9312,2.3661275429985835
81,3,9,blank,False,1714896909.0337007,0.1816216670013091,921620,9312,2.528287793000345
82,3,10,repeat,False,1714896909.2181773,0.4581527499976801,921620,9312,2.712645502000669
83,3,11,blank,False,1714896909.678548,0.16982362500129966,921620,9312,3.173243626999465
84,3,12,blank,False,1714896909.851185,0.2141571659994952,921620,9312,3.345489251998515
85,3,13,blank,False,1714896910.0685112,0.19775400000071386,921620,9312,3.56271362699772
86,3,14,repeat,False,1714896910.2693465,0.5132224590015539,921620,9312,3.763643251997564
87,3,15,blank,False,1714896910.7846239,0.18027791599888587,921620,9312,4.279332043999602
88,3,16,blank,False,1714896910.9672537,0.19012141699931817,921620,9312,4.461832626999239
89,3,17,blank,False,1714896911.1607368,0.1980715420031629,921620,9312,4.6549327520006045
90,3,18,blank,False,1714896911.3619425,0.18759770899850992,921620,9312,4.856024418997549
91,3,19,blank,False,1714896911.5529256,0.15767541600143886,921620,9312,5.046889627999917
92,3,20,blank,False,1714896911.71273,0.18553141599841183,921620,9312,5.207422668998333
93,3,21,success,True,1714896911.900021,0.504279917000531,921620,9306,5.395172377997369
94,4,1,repeat,False,1714896912.4073732,0.46987541699854773,921620,9306,2.6670022634789348e-06
95,4,2,repeat,False,1714896912.8793833,0.462893083000381,921620,9306,0.4720351260002644
96,4,3,repeat,False,1714896913.344306,0.4440381249987695,921620,9306,0.9369792510005936
97,4,4,blank,False,1714896913.7906408,0.12093783399905078,921620,9306,1.3831276260025334
98,4,5,blank,False,1714896913.9148934,0.14591454200126464,921620,9306,1.50695270900178
99,4,6,repeat,False,1714896914.0693204,0.5139442090003286,921620,9306,1.6588965430019016
100,4,7,repeat,False,1714896914.585372,0.5119003340005293,921620,9306,2.1779987100017024
101,4,8,blank,False,1714896915.0994196,0.14257741600158624,921620,9306,2.6920341680015554
102,4,9,repeat,False,1714896915.2490685,0.4711725010020018,921620,9306,2.8392096679999668
103,4,10,repeat,False,1714896915.7224507,0.5037970839985064,921620,9306,3.315069960000983
104,4,11,blank,False,1714896916.228767,0.22603100000196719,921620,9306,3.821019544000592
105,4,12,repeat,False,1714896916.460612,0.490634041998419,921620,9306,4.051499836001312
106,4,13,blank,False,1714896916.9532583,0.2268346249984461,921620,9306,4.545949628001836
107,4,14,blank,False,1714896917.18693,0.10986212500210968,921620,9306,4.777401336003095
108,4,15,blank,False,1714896917.302518,0.11507529200025601,921620,9306,4.89378258600118
109,4,16,blank,False,1714896917.4262261,0.12619000099948607,921620,9306,5.0157262530010485
110,4,17,blank,False,1714896917.558857,0.15800962499997695,921620,9306,5.14947108600245
111,4,18,success,True,1714896917.7232697,0.4799305420019664,921620,9316,5.314730253001471
112,5,1,repeat,False,1714896918.2064116,0.5618598760011082,921620,9316,2.125001628883183e-06
113,5,2,repeat,False,1714896918.7702754,0.5610514170002716,921620,9316,0.5638796260027448
114,5,3,blank,False,1714896919.3338623,0.26408533299763803,921620,9316,1.1271948339999653
115,5,4,blank,False,1714896919.6016235,0.1607012919994304,921620,9316,1.3946680010012642
116,5,5,repeat,False,1714896919.7656827,0.46857441700194613,921620,9316,1.5586417100021208
117,5,6,repeat,False,1714896920.2363713,0.5781280420014809,921620,9316,2.029894459999923
118,5,7,blank,False,1714896920.8168623,0.27888008399895625,921620,9316,2.610348251000687
119,5,8,blank,False,1714896921.0993092,0.16701641700274195,921620,9316,2.8921761679994233
120,5,9,repeat,False,1714896921.2692971,0.48699225000018487,921620,9316,3.062501002001227
121,5,10,blank,False,1714896921.7582607,0.2521070420007163,921620,9316,3.551854669000022
122,5,11,repeat,False,1714896922.0138552,0.5273867080031778,921620,9316,3.8067672940014745
123,5,12,repeat,False,1714896922.5434837,0.5709411249990808,921620,9316,4.336930252000457
124,5,13,blank,False,1714896923.1167972,0.28753949999736506,921620,9316,4.910418753002887
125,5,14,blank,False,1714896923.4078445,0.229514750000817,921620,9316,5.2006935860008525
126,5,15,success,True,1714896923.6405227,0.473789667001256,921620,9320,5.434103919000336
127,6,1,repeat,False,1714896924.1169724,0.5483079590012494,921620,9320,1.9170001905877143e-06
128,6,2,repeat,False,1714896924.6675863,0.5697449590006727,921620,9320,0.5505960420014162
129,6,3,blank,False,1714896925.2395892,0.22984324999924866,921620,9320,1.1225644170008309
130,6,4,blank,False,1714896925.478389,0.1414465839989134,921620,9320,1.358603750999464
131,6,5,blank,False,1714896925.627588,0.1369366250000894,921620,9320,1.5076275840001472
132,6,6,blank,False,1714896925.7723243,0.14444608399935532,921620,9320,1.652222126002016
133,6,7,blank,False,1714896925.9243655,0.1276945829995384,921620,9320,1.8042843760013056
134,6,8,blank,False,1714896926.0595722,0.1500175000001036,921620,9320,1.9405425430013565
135,6,9,blank,False,1714896926.218424,0.12717499999780557,921620,9320,2.098196000999451
136,6,10,repeat,False,1714896926.352714,0.49658212500071386,921620,9320,2.2331100430019433
137,6,11,repeat,False,1714896926.8514776,0.5697822920010367,921620,9320,2.7344485850007914
138,6,12,blank,False,1714896927.4231608,0.20810291699672234,921620,9320,3.30618171000242
139,6,13,blank,False,1714896927.639586,0.1356677919975482,921620,9320,3.5191062100020645
140,6,14,repeat,False,1714896927.783516,0.49982887499936623,921620,9320,3.6631289180004387
141,6,15,repeat,False,1714896928.2850444,0.5711951249977574,921620,9320,4.168161084999156
142,6,16,blank,False,1714896928.8579783,0.22089958300057333,921620,9320,4.741065627000353
143,6,17,blank,False,1714896929.0873687,0.12960370799919474,921620,9320,4.966607586000464
144,6,18,blank,False,1714896929.2260444,0.12139733400181285,921620,9320,5.105252669000038
145,6,19,success,True,1714896929.3532917,0.4949745830017491,921620,9330,5.235321169002418
146,7,1,repeat,False,1714896929.8507254,0.5575357089983299,921620,9330,1.5420009731315076e-06
147,7,2,repeat,False,1714896930.4099555,0.5643077089989674,921620,9330,0.5592326250007318
148,7,3,blank,False,1714896930.9760299,0.2762014590007311,921620,9330,1.1252773340020212
149,7,4,blank,False,1714896931.2565258,0.18472579199806205,921620,9330,1.4044560420006746
150,7,5,repeat,False,1714896931.4447,0.507542541003204,921620,9330,1.5931203760010249
151,7,6,blank,False,1714896931.9540813,0.26820279199819197,921620,9330,2.1032879180020245
152,7,7,blank,False,1714896932.2259457,0.15631800000119256,921620,9330,2.374176168003032
153,7,8,blank,False,1714896932.3858452,0.19638000000122702,921620,9330,2.534120543001336
154,7,9,blank,False,1714896932.5876136,0.2096442499969271,921620,9330,2.7347679600025003
155,7,10,blank,False,1714896932.8007605,0.2009184999988065,921620,9330,2.9490900430027978
156,7,11,blank,False,1714896933.0048895,0.18444299999828218,921620,9330,3.1534178770016297
157,7,12,repeat,False,1714896933.193534,0.48171041699970374,921620,9330,3.3415889179996157
158,7,13,blank,False,1714896933.6769211,0.1523479169991333,921620,9330,3.826210377003008
159,7,14,blank,False,1714896933.8316298,0.18965729100091266,921620,9330,3.980580085000838
160,7,15,blank,False,1714896934.0247524,0.19576825000331155,921620,9330,4.1731678350006405
161,7,16,repeat,False,1714896934.2238908,0.49935150100282044,921620,9330,4.3722817939997185
162,7,17,blank,False,1714896934.7248995,0.25539637499969103,921620,9330,4.87421446100052
163,7,18,blank,False,1714896934.9837143,0.15875850000156788,921620,9330,5.132114461001038
164,7,19,success,True,1714896935.1450725,0.4952048749983078,921620,9311,5.294290085999819
165,8,1,repeat,False,1714896935.6432338,0.5780315830015752,921620,9311,2.0839979697484523e-06
166,8,2,repeat,False,1714896936.223071,0.5731929590001528,921620,9311,0.5799769999975979
167,8,3,blank,False,1714896936.7981431,0.27208866699947976,921620,9311,1.1550542089971714
168,8,4,repeat,False,1714896937.0731673,0.5110951249989739,921620,9311,1.4295284589970834
169,8,5,blank,False,1714896937.5860627,0.2882450830002199,921620,9311,1.942953708999994
170,8,6,blank,False,1714896937.877782,0.20445229200049653,921620,9311,2.2337633759998425
171,8,7,repeat,False,1714896938.0852678,0.5100102920005156,921620,9311,2.441508667998278
172,8,8,repeat,False,1714896938.5972733,0.5674217919986404,921620,9311,2.954111834998912
173,8,9,blank,False,1714896939.1665556,0.24870383300003596,921620,9311,3.5234326270001475
174,8,10,blank,False,1714896939.418144,0.21568354200280737,921620,9311,3.774440876997687
175,8,11,blank,False,1714896939.639169,0.17613024999809568,921620,9311,3.9939820439976756
176,8,12,repeat,False,1714896939.8187044,0.5105309169994143,921620,9311,4.174827001999802
177,8,13,repeat,False,1714896940.331033,0.5922145000004093,921620,9311,4.68794175199946
178,8,14,success,True,1714896940.9248934,0.580350833999546,921620,9332,5.282218335996731
179,9,1,low_confidence,False,1714896941.508,0.5472416669981612,921620,9332,2.5420013116672635e-06
180,9,2,repeat,False,1714896942.0569298,0.5537883750002948,921620,9332,0.5490513760014437
181,9,3,blank,False,1714896942.6125865,0.232004292000056,921620,9332,1.1046387090027565
182,9,4,blank,False,1714896942.8524375,0.16977445800148416,921620,9332,1.3415010430035181
183,9,5,blank,False,1714896943.0306597,0.14285095900049782,921620,9332,1.5193518340020091
184,9,6,blank,False,1714896943.1822526,0.1260267500001646,921620,9332,1.6706532090029214
185,9,7,repeat,False,1714896943.31681,0.4834550000014133,921620,9332,1.8052508760010824
186,9,8,blank,False,1714896943.802206,0.2026912919973256,921620,9332,2.2942456680029863
187,9,9,repeat,False,1714896944.0136557,0.505552082999202,921620,9332,2.5016306260004058
188,9,10,blank,False,1714896944.5210147,0.22816925100050867,921620,9332,3.0130632520013023
189,9,11,blank,False,1714896944.7576098,0.11760187500112806,921620,9332,3.24623566900118
190,9,12,blank,False,1714896944.8837729,0.13309629099967424,921620,9332,3.372382710000238
191,9,13,blank,False,1714896945.026017,0.14452412500031642,921620,9332,3.5140887100023974
192,9,14,blank,False,1714896945.179476,0.11598320799748763,921620,9332,3.6676862520034774
193,9,15,repeat,False,1714896945.3040159,0.5082189999993716,921620,9332,3.792404294003063
194,9,16,blank,False,1714896945.8145368,0.2026471249992028,921620,9332,4.306374294003035
195,9,17,blank,False,1714896946.0240679,0.18240100000184611,921620,9332,4.513241669003037
196,9,18,blank,False,1714896946.2147567,0.12179637499866658,921620,9332,4.703358753002249
197,9,19,blank,False,1714896946.3450947,0.13112175000060233,921620,9332,4.833787628002028
198,9,20,blank,False,1714896946.485236,0.1396972080001433,921620,9332,4.973645378002402
199,9,21,blank,False,1714896946.633581,0.13369158299974515,921620,9332,5.12185921100172
200,9,22,success,True,1714896946.7734594,0.4738062920005177,921620,13923,5.264081544002693
201,10,1,repeat,False,1714896947.2496834,0.5745858749978652,921620,13923,1.625001459615305e-06
202,10,2,blank,False,1714896947.8259292,0.20887720799873932,921620,13923,0.5762772509988281
203,10,3,repeat,False,1714896948.0435607,0.49771312499797205,921620,13923,0.790299917000084
204,10,4,blank,False,1714896948.5434012,0.23411650000343798,921620,13923,1.2935687509998388
205,10,5,blank,False,1714896948.7860808,0.14160249999986263,921620,13923,1.5330347929993877
206,10,6,repeat,False,1714896948.9364743,0.4812362499978917,921620,13923,1.6830771259992616
207,10,7,blank,False,1714896949.419457,0.2359796250020736,921620,13923,2.16979246000119
208,10,8,blank,False,1714896949.6645892,0.16188558299836586,921620,13923,2.410949167999206
209,10,9,repeat,False,1714896949.8350124,0.48925016700013657,921620,13923,2.5815865020013007
210,10,10,repeat,False,1714896950.3258963,0.5893725829992036,921620,13923,3.076250752001215
211,10,11,blank,False,1714896950.9171908,0.2091020829975605,921620,13923,3.667456168001081
212,10,12,repeat,False,1714896951.1349998,0.4672672500018962,921620,13923,3.8817300439986866
213,10,13,blank,False,1714896951.6040611,0.24251700000240817,921620,13923,4.354361169000185
214,10,14,blank,False,1714896951.8550591,0.12760783300109324,921620,13923,4.601549001999956
215,10,15,blank,False,1714896951.9913146,0.15162925000186078,921620,13923,4.73782037699857
216,10,16,blank,False,1714896952.1514213,0.15712004200031515,921620,13923,4.898128461001761
217,10,17,blank,False,1714896952.3172855,0.13934600100037642,921620,13923,5.063697918998514
218,10,18,blank,False,1714896952.465311,0.15078762499979348,921620,13923,5.211739043999842
219,10,19,success,True,1714896952.6227148,0.46601620899673435,921620,13939,5.371799336000549
220,11,1,repeat,False,1714896953.0910857,0.593137084000773,921620,13939,2.4170003598555923e-06
221,11,2,blank,False,1714896953.686337,0.2613461669971002,921620,13939,0.5950426670024171
222,11,3,blank,False,1714896953.9506457,0.16888154099797248,921620,13939,0.8588900419999845
223,11,4,repeat,False,1714896954.122275,0.45592641699840897,921620,13939,1.0306000420023338
224,11,5,blank,False,1714896954.579956,0.27232754199940246,921620,13939,1.4888011680013733
225,11,6,blank,False,1714896954.8557065,0.16096979199937778,921620,13939,1.76378458399995
226,11,7,blank,False,1714896955.0211742,0.18409745899771224,921620,13939,1.9285937509994255
227,11,8,blank,False,1714896955.208256,0.16405033399860258,921620,13939,2.1163715010006854
228,11,9,blank,False,1714896955.374929,0.1663831250007206,921620,13939,2.2832753350012354
229,11,10,repeat,False,1714896955.5439935,0.4622655829989526,921620,13939,2.452316876002442
230,11,11,blank,False,1714896956.0079799,0.2773493749991758,921620,13939,2.916801502000453
231,11,12,blank,False,1714896956.2885196,0.22580454199851374,921620,13939,3.1966485850025492
232,11,13,blank,False,1714896956.5174801,0.15777387600246584,921620,13939,3.4256537100009155
233,11,14,blank,False,1714896956.6778522,0.21540687499873457,921620,13939,3.586264002002281
234,11,15,repeat,False,1714896956.8959222,0.4843137919997389,921620,13939,3.804243710001174
235,11,16,blank,False,1714896957.3820121,0.28773691700189374,921620,13939,4.29081141899951
236,11,17,blank,False,1714896957.6728723,0.18640962499921443,921620,13939,4.581030126999394
237,11,18,blank,False,1714896957.8623178,0.18392845899870736,921620,13939,4.770504586002062
238,11,19,blank,False,1714896958.0493348,0.17784937500255182,921620,13939,4.957510752999951
239,11,20,blank,False,1714896958.230193,0.16907916699710768,921620,13939,5.138260669002193
240,11,21,success,True,1714896958.4014232,0.455852541999775,921620,13920,5.3104214610029885
241,12,1,repeat,False,1714896958.859827,0.5567900829992141,921620,13920,2.249998942716047e-06
242,12,2,repeat,False,1714896959.4183226,0.5608541669971601,921620,13920,0.5585236250008165
243,12,3,blank,False,1714896959.980876,0.2613685420001275,921620,13920,1.1210836249993008
244,12,4,blank,False,1714896960.2457366,0.21400166699822876,921620,13920,1.3849920009997732
245,12,5,blank,False,1714896960.4650166,0.19043054099893197,921620,13920,1.6029540419986006
246,12,6,blank,False,1714896960.658949,0.16776320899953134,921620,13920,1.7982905009994283
247,12,7,blank,False,1714896960.8299916,0.19126745899848174,921620,13920,1.9694243339981767
248,12,8,repeat,False,1714896961.0245063,0.4817583330004709,921620,13920,2.163925418000872
249,12,9,blank,False,1714896961.5082514,0.1429932920000283,921620,13920,2.6483950430010736
250,12,10,blank,False,1714896961.6538787,0.1854765000025509,921620,13920,2.793630418000248
251,12,11,repeat,False,1714896961.843849,0.4913527509997948,921620,13920,2.982750251001562
252,12,12,repeat,False,1714896962.3369968,0.5622684579975612,921620,13920,3.47718100199927
253,12,13,blank,False,1714896962.9012039,0.2711099579973961,921620,13920,4.041280835001089
254,12,14,blank,False,1714896963.1757832,0.15570979199765134,921620,13920,4.315146752000146
255,12,15,blank,False,1714896963.334845,0.18981920900114346,921620,13920,4.474320959998295
256,12,16,repeat,False,1714896963.5280538,0.5012047499985783,921620,13920,4.667461419001484
257,12,17,blank,False,1714896964.031032,0.27231941699938034,921620,13920,5.171226960999775
258,12,18,success,True,1714896964.3059416,0.4693344999977853,921620,13915,5.446267128001637
259,13,1,repeat,False,1714896964.7778878,0.5813505830010399,921620,13915,1.791999238776043e-06
260,13,2,repeat,False,1714896965.3609805,0.5682587920018705,921620,13915,0.5830776259972481
261,13,3,blank,False,1714896965.930956,0.2103612079990853,921620,13915,1.1530564179993235
262,13,4,repeat,False,1714896966.1464617,0.5027802920012618,921620,13915,1.3665816259999701
263,13,5,blank,False,1714896966.6509707,0.2190802920013084,921620,13915,1.8731020009981876
264,13,6,repeat,False,1714896966.8791924,0.4980444580032781,921620,13915,2.0970909600000596
265,13,7,blank,False,1714896967.3791983,0.23237533300198265,921620,13915,2.6013087520004774
266,13,8,blank,False,1714896967.6202662,0.16057320899926708,921620,13915,2.8384021679994476
267,13,9,blank,False,1714896967.7893803,0.14361916599955293,921620,13915,3.007689001999097
268,13,10,blank,False,1714896967.941881,0.1411595829995349,921620,13915,3.159973418998561
269,13,11,blank,False,1714896968.0918608,0.17599887499818578,921620,13915,3.3100913769994804
270,13,12,blank,False,1714896968.2769086,0.14011262499843724,921620,13915,3.4952128769982664
271,13,13,repeat,False,1714896968.425459,0.47577729200202157,921620,13915,3.6439582519997202
272,13,14,blank,False,1714896968.9028714,0.19664804200147046,921620,13915,4.125024043998565
273,13,15,blank,False,1714896969.1078966,0.16409666699837544,921620,13915,4.326159918997291
274,13,16,blank,False,1714896969.2806826,0.12313108300077147,921620,13915,4.498991294000007
275,13,17,blank,False,1714896969.4124548,0.15504933400006848,921620,13915,4.630746752998675
276,13,18,blank,False,1714896969.576204,0.12909025000044494,921620,13915,4.794643627999903
277,13,19,blank,False,1714896969.7139359,0.13240166700052214,921620,13915,4.9322590439987835
278,13,20,blank,False,1714896969.854979,0.14303245800329023,921620,13915,5.073389877998125
279,13,21,blank,False,1714896970.0078003,0.14193208399956347,921620,13915,5.22629866999705
280,13,22,success,True,1714896970.156034,0.48524170899690944,921620,9307,5.3769301699976495
281,14,1,repeat,False,1714896970.6438918,0.5723729159981303,921620,9307,1.625001459615305e-06
282,14,2,repeat,False,1714896971.2180164,0.5652509999999893,921620,9307,0.5741264579992276
283,14,3,blank,False,1714896971.7850964,0.21440400099891121,921620,9307,1.141231333000178
284,14,4,repeat,False,1714896972.0082238,0.48204016700037755,921620,9307,1.3606090840003162
285,14,5,blank,False,1714896972.491987,0.22172412500003702,921620,9307,1.8481993339992187
286,14,6,repeat,False,1714896972.7220788,0.5025722079990373,921620,9307,2.0748962510006095
287,14,7,blank,False,1714896973.2264411,0.23064591699949233,921620,9307,2.5825205840010312
288,14,8,repeat,False,1714896973.4653854,0.4888807499992254,921620,9307,2.817964876001497
289,14,9,blank,False,1714896973.956018,0.21058975100095267,921620,9307,3.312153958999261
290,14,10,repeat,False,1714896974.1755996,0.4955422910024936,921620,9307,3.5280180429981556
291,14,11,blank,False,1714896974.6729193,0.24380454199854285,921620,9307,4.029061750999972
292,14,12,blank,False,1714896974.9257112,0.1484497499986901,921620,9307,4.2778696679997665
293,14,13,blank,False,1714896975.0824277,0.12004216599962092,921620,9307,4.435066668000218
294,14,14,blank,False,1714896975.2115905,0.13193520800268743,921620,9307,4.563816417998169
295,14,15,blank,False,1714896975.3521826,0.12711312499959604,921620,9307,4.704443917999015
296,14,16,blank,False,1714896975.4880533,0.13846483399902354,921620,9307,4.840413335001358
297,14,17,blank,False,1714896975.6352012,0.15057283300120616,921620,9307,4.987748127001396
298,14,18,blank,False,1714896975.794728,0.12201537500004633,921620,9307,5.14703745999941
299,14,19,success,True,1714896975.922614,0.5086442510000779,921620,9310,5.277685377001035
300,15,1,repeat,False,1714896976.4336765,0.5616074169993226,921620,9310,1.791999238776043e-06
301,15,2,blank,False,1714896976.9970293,0.27865004100021906,921620,9310,0.5633871249992808
302,15,3,blank,False,1714896977.2786818,0.17264458300269325,921620,9310,0.8442535840003984
303,15,4,repeat,False,1714896977.4542878,0.4620230000000447,921620,9310,1.0199751670006663
304,15,5,blank,False,1714896977.9180233,0.19869104200188303,921620,9310,1.4843496260000393
305,15,6,blank,False,1714896978.1194155,0.1970961669976532,921620,9310,1.685218126000109
306,15,7,blank,False,1714896978.3200386,0.2045504580019042,921620,9310,1.8854425839999749
307,15,8,repeat,False,1714896978.5274165,0.4727100420022907,921620,9310,2.093100500998844
308,15,9,low_confidence,False,1714896979.0019357,0.5843072079987905,921620,9310,2.568271250998805
309,15,10,blank,False,1714896979.5881538,0.26521204199889326,921620,9310,3.1544272099999944
310,15,11,blank,False,1714896979.856921,0.20938454199858825,921620,9310,3.4223552929979633
311,15,12,blank,False,1714896980.069866,0.22028037500058417,921620,9310,3.635276167999109
312,15,13,repeat,False,1714896980.2935345,0.4896738329989603,921620,9310,3.8588661270005105
313,15,14,blank,False,1714896980.7850127,0.272223625001061,921620,9310,4.351288793001004
314,15,15,blank,False,1714896981.060767,0.1715280000025814,921620,9310,4.626095334999263
315,15,16,blank,False,1714896981.2358305,0.17647420900175348,921620,9310,4.801322418999916
316,15,17,blank,False,1714896981.415243,0.19445870799972909,921620,9310,4.980918501998531
317,15,18,blank,False,1714896981.6129854,0.17878708399803145,921620,9310,5.17833658499876
318,15,19,success,True,1714896981.7937884,0.5004386670007079,921620,9307,5.360351461000391
319,16,1,repeat,False,1714896982.2967365,0.5877793750005367,921620,9307,2.249998942716047e-06
320,16,2,repeat,False,1714896982.8862574,0.5699827500029642,921620,9307,0.5895715839978948
321,16,3,repeat,False,1714896983.4581451,0.5692849590013793,921620,9307,1.1614072509983089
322,16,4,repeat,False,1714896984.0292234,0.6050195009993331,921620,9307,1.732541292996757
323,16,5,blank,False,1714896984.6366465,0.21998933400027454,921620,9307,2.339544542999647
324,16,6,repeat,False,1714896984.8654532,0.4798180420002609,921620,9307,2.564885209998465
325,16,7,blank,False,1714896985.3475173,0.20522845800223877,921620,9307,3.0503742519977095
326,16,8,repeat,False,1714896985.5613575,0.4828468330015312,921620,9307,3.260855709999305
327,16,9,repeat,False,1714896986.0459092,0.5553660000005038,921620,9307,3.7492383769968
328,16,10,blank,False,1714896986.6030464,0.21379379199788673,921620,9307,4.306312710999919
329,16,11,blank,False,1714896986.825792,0.1444279169991205,921620,9307,4.525533001997246
330,16,12,blank,False,1714896986.9794772,0.13269633299933048,921620,9307,4.679027210997447
331,16,13,blank,False,1714896987.1205964,0.134653042001446,921620,9307,4.8200350439983595
332,16,14,blank,False,1714896987.26387,0.14298320899979444,921620,9307,4.9630405440002505
333,16,15,blank,False,1714896987.4149573,0.13046849999955157,921620,9307,5.1149979189976875
334,16,16,success,True,1714896987.551477,0.4907710000006773,921620,9315,5.253681086000142
335,17,1,repeat,False,1714896988.0445964,0.44766741700004786,921620,9315,1.8749997252598405e-06
336,17,2,repeat,False,1714896988.494155,0.5770836250012508,921620,9315,0.4494892910006456
337,17,3,repeat,False,1714896989.0729613,0.577278208998905,921620,9315,1.0283128330011095
338,17,4,blank,False,1714896989.6519566,0.21541941599934944,921620,9315,1.6073281669996504
339,17,5,repeat,False,1714896989.875959,0.48427333300060127,921620,9315,1.8275724170016474
340,17,6,repeat,False,1714896990.3619385,0.5653274589967623,921620,9315,2.317307917001017
341,17,7,blank,False,1714896990.929043,0.22837954200076638,921620,9315,2.8843525840020448
342,17,8,repeat,False,1714896991.1657355,0.5024716670013731,921620,9315,3.117352793000464
343,17,9,blank,False,1714896991.670168,0.1750527090007381,921620,9315,3.6254601260006893
344,17,10,blank,False,1714896991.853339,0.17072195799846668,921620,9315,3.805208710000443
345,17,11,blank,False,1714896992.0326662,0.11673283400159562,921620,9315,3.9840769600014028
346,17,12,blank,False,1714896992.1576767,0.1208815419995517,921620,9315,4.109587751001527
347,17,13,blank,False,1714896992.288703,0.12223562500003027,921620,9315,4.240083043001505
348,17,14,blank,False,1714896992.4197743,0.12195291700118105,921620,9315,4.371456002001651
349,17,15,blank,False,1714896992.550171,0.13416633399901912,921620,9315,4.501979335000215
350,17,16,blank,False,1714896992.6932127,0.1135221670010651,921620,9315,4.644779876998655
351,17,17,blank,False,1714896992.8149078,0.1727288750007574,921620,9315,4.766622085000563
352,17,18,blank,False,1714896992.9961038,0.13759420900169061,921620,9315,4.947859751999204
353,17,19,blank,False,1714896993.1425357,0.1161658749988419,921620,9315,5.094066460002068
354,17,20,blank,False,1714896993.2675817,0.13281845899837208,921620,9315,5.218944002001081
355,17,21,success,True,1714896993.4064972,0.5077677509980276,921620,9318,5.360756794001645
356,18,1,repeat,False,1714896993.9169319,0.5843017090010107,921620,9318,3.4999975468963385e-06
357,18,2,blank,False,1714896994.5030243,0.296271416998934,921620,9318,0.5861363759977394
358,18,3,repeat,False,1714896994.802864,0.5073935840009653,921620,9318,0.8851045419978618
359,18,4,blank,False,1714896995.3119233,0.27135570799873676,921620,9318,1.395106792999286
360,18,5,blank,False,1714896995.5862641,0.17809283399765263,921620,9318,1.6687660009993124
361,18,6,blank,False,1714896995.7674024,0.2058740829997987,921620,9318,1.8499242510006297
362,18,7,blank,False,1714896995.9761832,0.17644550000113668,921620,9318,2.0587296259982395
363,18,8,repeat,False,1714896996.1556795,0.49158170800001244,921620,9318,2.2381108759982453
364,18,9,repeat,False,1714896996.649009,0.5632484580019081,921620,9318,2.7321615849978116
365,18,10,repeat,False,1714896997.2139611,0.5813007920005475,921620,9318,3.2971727099975396
366,18,11,blank,False,1714896997.7970433,0.28927733299860847,921620,9318,3.880171001997951
367,18,12,blank,False,1714896998.0892766,0.1789446670009056,921620,9318,4.171752460999414
368,18,13,blank,False,1714896998.2711089,0.18621320899910643,921620,9318,4.3536449610001
369,18,14,blank,False,1714896998.4602652,0.22704720800174982,921620,9318,4.542787127997144
370,18,15,blank,False,1714896998.691835,0.184993625000061,921620,9318,4.7735580439984915
371,18,16,blank,False,1714896998.8798637,0.18141079199995147,921620,9318,4.962452878000477
372,18,17,blank,False,1714896999.0642183,0.17084187600266887,921620,9318,5.146739378000348
373,18,18,success,True,1714896999.2372525,0.47498191699924064,921620,9309,5.32060662799995
374,19,1,blank,False,1714896999.7146144,0.22736308399908012,921620,9309,1.7920028767548501e-06
375,19,2,repeat,False,1714896999.9502954,0.48397008400206687,921620,9309,0.23195925100299064
376,19,3,repeat,False,1714897000.4361863,0.5540749589999905,921620,9309,0.7214805420007906
377,19,4,repeat,False,1714897000.9919572,0.568675833997986,921620,9309,1.2773772510008712
378,19,5,repeat,False,1714897001.5623176,0.5759402500007127,921620,9309,1.8477097100003448
379,19,6,blank,False,1714897002.1403928,0.20756324999820208,921620,9309,2.425605877000635
380,19,7,blank,False,1714897002.3565977,0.13769808299912256,921620,9309,2.6381296270010353
381,19,8,repeat,False,1714897002.4988408,0.47142724999866914,921620,9309,2.782796043000417
382,19,9,blank,False,1714897002.972161,0.21887079199950676,921620,9309,3.2574878350023937
383,19,10,repeat,False,1714897003.1997488,0.5004916670004604,921620,9309,3.480794210001477
384,19,11,blank,False,1714897003.7021484,0.21069066700147232,921620,9309,3.987474336001469
385,19,12,blank,False,1714897003.9210095,0.15038566699877265,921620,9309,4.202847211003245
386,19,13,blank,False,1714897004.0802798,0.1361192080003093,921620,9309,4.361679878002178
387,19,14,blank,False,1714897004.2252674,0.16098170899931574,921620,9309,4.506773919001716
388,19,15,blank,False,1714897004.3946364,0.13253833299677353,921620,9309,4.67628558600336
389,19,16,blank,False,1714897004.535407,0.12597341700165998,921620,9309,4.817368878000707
390,19,17,blank,False,1714897004.6693761,0.1572741669988318,921620,9309,4.9515310440001485
391,19,18,blank,False,1714897004.835869,0.15206675000081304,921620,9309,5.117402336003579
392,19,19,success,True,1714897004.9938846,0.47035062499708147,921620,9306,5.2781862530027865
393,20,1,repeat,False,1714897005.466777,0.47454812499927357,921620,9306,1.3749995559919626e-06
394,20,2,repeat,False,1714897005.943005,0.5772337919988786,921620,9306,0.4762723329986329
395,20,3,blank,False,1714897006.5218627,0.20181016600326984,921620,9306,1.0551383339989115
396,20,4,blank,False,1714897006.7319236,0.1233817510001245,921620,9306,1.2615582090002135
397,20,5,blank,False,1714897006.8636577,0.1481013750017155,921620,9306,1.3933856260009634
398,20,6,repeat,False,1714897007.0205584,0.5186854580024374,921620,9306,1.5500170419982169
399,20,7,blank,False,1714897007.541266,0.21700012500150478,921620,9306,2.0744077089984785
400,20,8,repeat,False,1714897007.7665043,0.5362282089990913,921620,9306,2.2961810839988175
401,20,9,repeat,False,1714897008.3050175,0.5912268339998263,921620,9306,2.8379873349986156
402,20,10,blank,False,1714897008.8982458,0.21831774999736808,921620,9306,3.431368917998043
403,20,11,blank,False,1714897009.125339,0.1641650000019581,921620,9306,3.654735543001152
404,20,12,repeat,False,1714897009.2979288,0.4983147509992705,921620,9306,3.82758454299983
405,20,13,blank,False,1714897009.7981942,0.1373192499995639,921620,9306,4.331334210000932
406,20,14,blank,False,1714897009.9419496,0.15166862499972922,921620,9306,4.472578168999462
407,20,15,blank,False,1714897010.102363,0.11385008300203481,921620,9306,4.63175529399814
408,20,16,blank,False,1714897010.2248318,0.1827444580012525,921620,9306,4.754407293999975
409,20,17,blank,False,1714897010.4159787,0.1562542499996198,921620,9306,4.945687002000341
410,20,18,blank,False,1714897010.5808635,0.16366766699866275,921620,9306,5.110438751999027
411,20,19,success,True,1714897010.7504058,0.5048588339996058,921620,9316,5.282789335000416
412,21,1,repeat,False,1714897011.2578893,0.5063447080028709,921620,9316,1.5410005289595574e-06
413,21,2,repeat,False,1714897011.7659674,0.5762785000006261,921620,9316,0.5081272499992338
414,21,3,blank,False,1714897012.3439121,0.21245804199861595,921620,9316,1.0860707079991698
415,21,4,blank,False,1714897012.5653257,0.11824383299972396,921620,9316,1.303711459000624
416,21,5,repeat,False,1714897012.6919885,0.5232757509984367,921620,9316,1.4304358340014005
417,21,6,blank,False,1714897013.217138,0.1238024590020359,921620,9316,1.9592749590010499
418,21,7,blank,False,1714897013.3454678,0.1252814999970724,921620,9316,2.086355334002292
419,21,8,repeat,False,1714897013.479382,0.5148232920000737,921620,9316,2.217854083999555
420,21,9,repeat,False,1714897013.9959502,0.5693143340031384,921620,9316,2.7380982510003378
421,21,10,repeat,False,1714897014.566944,0.5717743749992223,921620,9316,3.3091090849993634
422,21,11,repeat,False,1714897015.140412,0.5668911669999943,921620,9316,3.882592668000143
423,21,12,repeat,False,1714897015.7089567,0.5733588340008282,921620,9316,4.451119793000544
424,21,13,blank,False,1714897016.284167,0.2097577500026091,921620,9316,5.026291959999071
425,21,14,success,True,1714897016.4998944,0.4788161670003319,921620,9307,5.24109133499951
426,22,1,repeat,False,1714897016.9811466,0.5851153750008962,921620,9307,2.1669984562322497e-06
427,22,2,blank,False,1714897017.5680912,0.20833116699941456,921620,9307,0.5869487089985341
428,22,3,repeat,False,1714897017.7847679,0.47494033299881266,921620,9307,0.8003153749996272
429,22,4,blank,False,1714897018.2615232,0.11247479200028465,921620,9307,1.2803922509992844
430,22,5,blank,False,1714897018.3778412,0.1681260410005052,921620,9307,1.3956565839980613
431,22,6,blank,False,1714897018.5542367,0.18323004199919524,921620,9307,1.5694491260001087
432,22,7,blank,False,1714897018.745789,0.11676891700335545,921620,9307,1.7611136679988704
433,22,8,repeat,False,1714897018.8708398,0.517435875000956,921620,9307,1.886183208996954
434,22,9,blank,False,1714897019.3901482,0.21189604099708959,921620,9307,2.4089339599995583
435,22,10,blank,False,1714897019.6107843,0.1339894170014304,921620,9307,2.6258838759968057
436,22,11,blank,False,1714897019.7530112,0.12439433299732627,921620,9307,2.7685945429984713
437,22,12,low_confidence,False,1714897019.885554,0.482706375001726,921620,9307,2.9011233349992835
438,22,13,blank,False,1714897020.369918,0.22857674999977462,921620,9307,3.388802876997943
439,22,14,blank,False,1714897020.6070213,0.13669362500149873,921620,9307,3.6223607519968937
440,22,15,repeat,False,1714897020.7523031,0.47039512600167654,921620,9307,3.7673999599974195
441,22,16,blank,False,1714897021.2244303,0.20141870800216566,921620,9307,4.243301418999181
442,22,17,blank,False,1714897021.4339123,0.11905791699973634,921620,9307,4.449490876999334
443,22,18,repeat,False,1714897021.5608802,0.5183861669975158,921620,9307,4.576427585998317
444,22,19,blank,False,1714897022.081026,0.2126112080004532,921620,9307,5.09986308599764
445,22,20,success,True,1714897022.299658,0.49060358299902873,921620,9314,5.317391877997579
446,23,1,repeat,False,1714897022.7932496,0.6000220829992031,921620,9314,2.8329995984677225e-06
447,23,2,repeat,False,1714897023.395049,0.5842160419997526,921620,9314,0.6020581250013493
448,23,3,blank,False,1714897023.981028,0.260729583002103,921620,9314,1.1880380420006986
449,23,4,blank,False,1714897024.2446969,0.1745612920021813,921620,9314,1.4510991669994837
450,23,5,blank,False,1714897024.4222536,0.17803825000009965,921620,9314,1.6285970839999209
451,23,6,repeat,False,1714897024.60321,0.5210882510000374,921620,9314,1.8096373759981361
452,23,7,repeat,False,1714897025.125957,0.5733082920014567,921620,9314,2.3330380849984067
453,23,8,repeat,False,1714897025.7011328,0.5681307500017283,921620,9314,2.9080450430010387
454,23,9,blank,False,1714897026.2709398,0.2563662499997008,921620,9314,3.4780241679982282
455,23,10,blank,False,1714897026.5303755,0.20291595800154028,921620,9314,3.736751293999987
456,23,11,repeat,False,1714897026.7360497,0.4692122499982361,921620,9314,3.942541460000939
457,23,12,repeat,False,1714897027.2070448,0.6062202920002164,921620,9314,4.414048044000083
458,23,13,blank,False,1714897027.815336,0.28296079199935775,921620,9314,5.022164752997924
459,23,14,success,True,1714897028.100307,0.5049005000000761,921620,9320,5.3075765860012325
460,24,1,repeat,False,1714897028.6078165,0.5854539590000059,921620,9320,1.7079983081202954e-06
461,24,2,repeat,False,1714897029.195098,0.5841686670028139,921620,9320,0.5872748330002651
462,24,3,blank,False,1714897029.7811368,0.23741879199951654,921620,9320,1.1733239169989247
463,24,4,repeat,False,1714897030.0268948,0.5033668329997454,921620,9320,1.4155704169970704
464,24,5,blank,False,1714897030.532085,0.22084079200067208,921620,9320,1.9243407089998072
465,24,6,blank,False,1714897030.761535,0.13214416700066067,921620,9320,2.149978208999528
466,24,7,repeat,False,1714897030.902531,0.5171633760000987,921620,9320,2.291109541998594
467,24,8,blank,False,1714897031.4215717,0.21239050000076531,921620,9320,2.8137960839994776
468,24,9,blank,False,1714897031.6419291,0.12598370799969416,921620,9320,3.030973458997323
469,24,10,repeat,False,1714897031.7765396,0.5136775840001064,921620,9320,3.1653270429997065
470,24,11,repeat,False,1714897032.2924173,0.6357624590018531,921620,9320,3.6844800010003382
471,24,12,repeat,False,1714897032.9301965,0.5900790419982513,921620,9320,4.322133751997171
472,24,13,blank,False,1714897033.5225067,0.24956616700001177,921620,9320,4.9144476689980365
473,24,14,blank,False,1714897033.7804456,0.14091141699827858,921620,9320,5.169037668998499
474,24,15,success,True,1714897033.927765,0.47950150100223254,921620,9311,5.318833084998914
475,25,1,repeat,False,1714897034.4098458,0.5564149169986194,921620,9311,1.8749997252598405e-06
476,25,2,blank,False,1714897034.9679792,0.30435391700302716,921620,9311,0.5581681260009645
477,25,3,blank,False,1714897035.2753994,0.22484066700053518,921620,9311,0.8648621259999345
478,25,4,blank,False,1714897035.5031886,0.16815837499962072,921620,9311,1.092734167999879
479,25,5,repeat,False,1714897035.6743112,0.5339311249990715,921620,9311,1.2639553340013663
480,25,6,blank,False,1714897036.210773,0.29650820800088695,921620,9311,1.8004132930000196
481,25,7,repeat,False,1714897036.5107434,0.4685509590017318,921620,9311,2.099866750999354
482,25,8,repeat,False,1714897036.9809206,0.5843224169984751,921620,9311,2.5710894180010655
483,25,9,repeat,False,1714897037.566976,0.5682917080011975,921620,9311,3.1571850850014016
484,25,10,repeat,False,1714897038.1371546,0.5915604170004372,921620,9311,3.727247251998051
485,25,11,repeat,False,1714897038.7305665,0.5586977919992933,921620,9311,4.320657543998095
486,25,12,blank,False,1714897039.2909257,0.2754114589988603,921620,9311,4.881076711000787
487,25,13,blank,False,1714897039.5694792,0.18479983400175115,921620,9311,5.158963753001444
488,25,14,success,True,1714897039.7563992,0.47990108399972087,921620,9321,5.346769294999831
489,26,1,repeat,False,1714897040.238944,0.5722884580027312,921620,9321,1.5410005289595574e-06
490,26,2,repeat,False,1714897040.8129818,0.5682608759998402,921620,9321,0.5740684570009762
491,26,3,blank,False,1714897041.383081,0.28215658299814095,921620,9321,1.1441119580013037
492,26,4,repeat,False,1714897041.6685884,0.48638179199770093,921620,9321,1.4288417079987994
493,26,5,blank,False,1714897042.156737,0.29054529199856916,921620,9321,1.9178475830012758
494,26,6,repeat,False,1714897042.4511447,0.5081192919969908,921620,9321,2.211348167002143
495,26,7,blank,False,1714897042.9614246,0.3111189579976781,921620,9321,2.7222290829995472
496,26,8,blank,False,1714897043.2789965,0.17322300000159885,921620,9321,3.037068542002089
497,26,9,blank,False,1714897043.4551895,0.1710650839995651,921620,9321,3.215687167001306
498,26,10,repeat,False,1714897043.6295824,0.46369254200180876,921620,9321,3.389806499999395
499,26,11,blank,False,1714897044.0949645,0.3125277500002994,921620,9321,3.8561203760000353
500,26,12,blank,False,1714897044.4134228,0.1759694579995994,921620,9321,4.171910876000766
501,26,13,blank,False,1714897044.5929835,0.22848279199752142,921620,9321,4.353240543001448
502,26,14,blank,False,1714897044.8283925,0.2118713750023744,921620,9321,4.58648866799922
503,26,15,blank,False,1714897045.0437062,0.19155429199963692,921620,9321,4.80394062599953
504,26,16,blank,False,1714897045.2381074,0.1768889160011895,921620,9321,4.9986364180003875
505,26,17,blank,False,1714897045.418501,0.18111604200021247,921620,9321,5.178722001001006
506,26,18,success,True,1714897045.601676,0.4705866260010225,921620,9311,5.3629879180007265
507,27,1,repeat,False,1714897046.0746233,0.6296618760025012,921620,9311,1.8339997041039169e-06
508,27,2,repeat,False,1714897046.7066178,0.5706192080033361,921620,9311,0.6317152089977753
509,27,3,blank,False,1714897047.2789469,0.2432917499972973,921620,9311,1.204317417999846
510,27,4,repeat,False,1714897047.5257223,0.4658922920025361,921620,9311,1.4501751259995217
511,27,5,repeat,False,1714897047.9938614,0.5863730830023997,921620,9311,1.9187871260000975
512,27,6,repeat,False,1714897048.5820673,0.617178166998201,921620,9311,2.507398709996778
513,27,7,repeat,False,1714897049.2015698,0.5756650420007645,921620,9311,3.126604751996638
514,27,8,blank,False,1714897049.7788758,0.277391333002015,921620,9311,3.704254376996687
515,27,9,repeat,False,1714897050.0598917,0.4887566249999509,921620,9311,3.984404334998544
516,27,10,blank,False,1714897050.5503802,0.2518823339996743,921620,9311,4.475812460997986
517,27,11,blank,False,1714897050.805525,0.1797529579998809,921620,9311,4.730033502997685
518,27,12,blank,False,1714897050.9886537,0.1664447500006645,921620,9311,4.913169085997652
519,27,13,blank,False,1714897051.1584308,0.18083649999971385,921620,9311,5.083037960997899
520,27,14,success,True,1714897051.3416965,0.5175641250025365,921620,9306,5.2671672939977725
521,28,1,repeat,False,1714897051.861964,0.5802429169998504,921620,9306,1.6659978427924216e-06
522,28,2,blank,False,1714897052.4439998,0.21681495899974834,921620,9306,0.5820809580000059
523,28,3,blank,False,1714897052.6692972,0.1231344590014487,921620,9306,0.8036732500004291
524,28,4,blank,False,1714897052.8012602,0.1675351249978121,921620,9306,0.9355138329992769
525,28,5,blank,False,1714897052.977757,0.13022670799909974,921620,9306,1.1120663749970845
526,28,6,blank,False,1714897053.1164958,0.15376245800143806,921620,9306,1.2509655419999035
527,28,7,blank,False,1714897053.2792952,0.13469975000043632,921620,9306,1.413747833998059
528,28,8,blank,False,1714897053.4228778,0.13783104100002674,921620,9306,1.5570243339971057
529,28,9,blank,False,1714897053.5692265,0.11810704199888278,921620,9306,1.7037275839975337
530,28,10,repeat,False,1714897053.6965308,0.5097205419988313,921620,9306,1.8304200009988563
531,28,11,blank,False,1714897054.2080932,0.2214421669996227,921620,9306,2.3462260419983068
532,28,12,blank,False,1714897054.4380226,0.12420987500081537,921620,9306,2.5724169179993623
533,28,13,blank,False,1714897054.5709653,0.1376465419998567,921620,9306,2.7052918339977623
534,28,14,repeat,False,1714897054.717174,0.48808966700016754,921620,9306,2.851521167998726
535,28,15,repeat,False,1714897055.2070215,0.563182042002154,921620,9306,3.3451592509991315
536,28,16,repeat,False,1714897055.771893,0.5783901670001796,921620,9306,3.9100307099979545
537,28,17,blank,False,1714897056.3522162,0.2243086670023331,921620,9306,4.490320459997747
538,28,18,repeat,False,1714897056.5848346,0.5024639590010338,921620,9306,4.719543709998106
539,28,19,blank,False,1714897057.0889678,0.2233777920009743,921620,9306,5.227176251999481
540,28,20,success,True,1714897057.318265,0.5269979580007202,921620,9313,5.455353126999398
541,29,1,low_confidence,False,1714897057.847885,0.6183944170006725,921620,9313,1.8329992599319667e-06
542,29,2,blank,False,1714897058.4687672,0.32373520800319966,921620,9313,0.6204259580008511
543,29,3,blank,False,1714897058.7991745,0.19455158300115727,921620,9313,0.948417542000243
544,29,4,blank,False,1714897058.997037,0.16626162500324426,921620,9313,1.1483043750013167
545,29,5,repeat,False,1714897059.166278,0.47605687499890337,921620,9313,1.3177240420009184
546,29,6,repeat,False,1714897059.6439486,0.571290667001449,921620,9313,1.7961289170016244
547,29,7,blank,False,1714897060.216915,0.27434870899742236,921620,9313,2.369055126000603
548,29,8,blank,False,1714897060.4942791,0.16342358400288504,921620,9313,2.6457367920011166
549,29,9,repeat,False,1714897060.6606371,0.5296064169997408,921620,9313,2.8120195840019733
550,29,10,repeat,False,1714897061.1919792,0.5962895010015927,921620,9313,3.3440377930019167
551,29,11,blank,False,1714897061.7900558,0.2792576669999107,921620,9313,3.942178376000811
552,29,12,blank,False,1714897062.0729473,0.17372804099795758,921620,9313,4.2241624599992065
553,29,13,blank,False,1714897062.2496674,0.21062079199691652,921620,9313,4.4010898350024945
554,29,14,repeat,False,1714897062.4635832,0.5116856669992558,921620,9313,4.614843085000757
555,29,15,blank,False,1714897062.9770668,0.19624945800023852,921620,9313,5.12919212700217
556,29,16,success,True,1714897063.175518,0.4867475419996481,921620,9320,5.327660627001023
557,30,1,repeat,False,1714897063.664774,0.5763497090010787,921620,9320,1.7910024325829e-06
558,30,2,repeat,False,1714897064.242832,0.5664116670013755,921620,9320,0.5780490830002236
559,30,3,blank,False,1714897064.8110032,0.27425933300037286,921620,9320,1.1461790419998579
560,30,4,blank,False,1714897065.0887675,0.19179912499748752,921620,9320,1.4231524169990735
561,30,5,blank,False,1714897065.283966,0.18429445899892016,921620,9320,1.6184325419999368
562,30,6,repeat,False,1714897065.4717462,0.5014976669990574,921620,9320,1.806036417001451
563,30,7,blank,False,1714897065.9752057,0.2729834589990787,921620,9320,2.3104247090013814
564,30,8,blank,False,1714897066.2515228,0.20527929099989706,921620,9320,2.5858722090015362
565,30,9,repeat,False,1714897066.460073,0.4891987919982057,921620,9320,2.794509209001262
566,30,10,blank,False,1714897066.9511971,0.29309941699830233,921620,9320,3.286379085002409
567,30,11,repeat,False,1714897067.2480218,0.4832680840008834,921620,9320,3.581993460000376
568,30,12,repeat,False,1714897067.732994,0.5782676249982615,921620,9320,4.068283585002064
569,30,13,blank,False,1714897068.313021,0.2552733749980689,921620,9320,4.648265919000551
570,30,14,blank,False,1714897068.571341,0.17596649999904912,921620,9320,4.905935127000703
571,30,15,blank,False,1714897068.7506897,0.19056095799896866,921620,9320,5.085097834999033
572,30,16,success,True,1714897068.9434478,0.4787919589980447,921620,13923,5.278861794002296
573,31,1,repeat,False,1714897069.4247637,0.563508291998005,921620,13923,1.9999970390927047e-06
574,31,2,repeat,False,1714897069.9899626,0.5983097499993164,921620,13923,0.5652352920005796
575,31,3,repeat,False,1714897070.59038,0.5768268339998031,921620,13923,1.1654864589982026
576,31,4,blank,False,1714897071.1689951,0.2831100000003062,921620,13923,1.7442115009980625
577,31,5,blank,False,1714897071.4557016,0.19160583399934694,921620,13923,2.0301394169982814
578,31,6,blank,False,1714897071.6507797,0.1659036670025671,921620,13923,2.225179458997445
579,31,7,repeat,False,1714897071.8202164,0.4979864999986603,921620,13923,2.3944424179971975
580,31,8,blank,False,1714897072.3198721,0.28240274999916437,921620,13923,2.8951720429977286
581,31,9,repeat,False,1714897072.605842,0.5107752089970745,921620,13923,3.1800772930000676
582,31,10,repeat,False,1714897073.118458,0.5728087499992398,921620,13923,3.69368729299822
583,31,11,blank,False,1714897073.6931264,0.2911403340003744,921620,13923,4.268340459999308
584,31,12,blank,False,1714897073.9880357,0.18200249999790685,921620,13923,4.562221751999459
585,31,13,blank,False,1714897074.17297,0.16932762499709497,921620,13923,4.747687834998942
586,31,14,blank,False,1714897074.3451035,0.19215491700015264,921620,13923,4.919802334999986
587,31,15,low_confidence,False,1714897074.5406475,0.49361320800016983,921620,13923,5.115076960999431
588,31,16,success,True,1714897075.0355618,0.5796780419987044,921620,13926,5.611297626997839
589,32,1,repeat,False,1714897075.6177003,0.5725428330006253,921620,13926,1.791999238776043e-06
590,32,2,repeat,False,1714897076.1924913,0.58476491699912,921620,13926,0.5745898749992193
591,32,3,repeat,False,1714897076.7791624,0.6020803329993214,921620,13926,1.161420584001462
592,32,4,repeat,False,1714897077.3834846,0.5797548330010613,921620,13926,1.7655215010017855
593,32,5,repeat,False,1714897077.9650836,0.599194833997899,921620,13926,2.347350918000302
594,32,6,blank,False,1714897078.5666387,0.21619529199961107,921620,13926,2.9485970429996087
595,32,7,blank,False,1714897078.7909524,0.12649695899744984,921620,13926,3.1697895850011264
596,32,8,blank,False,1714897078.9256513,0.11920841599931009,921620,13926,3.3045916680021037
597,32,9,repeat,False,1714897079.05408,0.48415941699931864,921620,13926,3.432707792999281
598,32,10,blank,False,1714897079.54,0.21494733299914515,921620,13926,3.922239460000128
599,32,11,blank,False,1714897079.7636793,0.1496852919990488,921620,13926,4.142267418999836
600,32,12,blank,False,1714897079.9219055,0.12674916700052563,921620,13926,4.300590335002198
601,32,13,blank,False,1714897080.057579,0.18228662500041537,921620,13926,4.436116168999433
602,32,14,blank,False,1714897080.2484818,0.11923508300242247,921620,13926,4.627236168998934
603,32,15,blank,False,1714897080.376338,0.1361218749989348,921620,13926,4.754817085999093
604,32,16,blank,False,1714897080.5216951,0.14824883400069666,921620,13926,4.900089252001635
605,32,17,blank,False,1714897080.6786509,0.11490770800082828,921620,13926,5.057329376999405
606,32,18,blank,False,1714897080.7999272,0.1421099580002192,921620,13926,5.179497878001712
607,32,19,success,True,1714897080.9484496,0.4637880420013971,921620,13939,5.329269253001257
608,33,1,low_confidence,False,1714897081.4145737,0.5516653750019032,921620,13939,2.3329994291998446e-06
609,33,2,blank,False,1714897081.9681506,0.20777708400055417,921620,13939,0.5534511250007199
610,33,3,blank,False,1714897082.1844647,0.18482095800209208,921620,13939,0.7662618750000547
611,33,4,blank,False,1714897082.3778572,0.12385341600020183,921620,13939,0.9596170420009003
612,33,5,blank,False,1714897082.5100641,0.11833662499702768,921620,13939,1.0919101670006057
613,33,6,blank,False,1714897082.6370726,0.11981029199887416,921620,13939,1.2186731670008157
614,33,7,repeat,False,1714897082.7661936,0.47304608400008874,921620,13939,1.3478623760020128
615,33,8,blank,False,1714897083.241044,0.21929799999998068,921620,13939,1.8263739180001721
616,33,9,repeat,False,1714897083.4688404,0.5213797090000298,921620,13939,2.0505405840012827
617,33,10,repeat,False,1714897083.99227,0.5719710419980402,921620,13939,2.5773900429994683
618,33,11,repeat,False,1714897084.566012,0.5626773750009306,921620,13939,3.151357293001638
619,33,12,repeat,False,1714897085.130551,0.5706961670002784,921620,13939,3.7158321690003504
620,33,13,blank,False,1714897085.7030275,0.2574245420000807,921620,13939,4.2883852110026055
621,33,14,blank,False,1714897085.968972,0.1568816250000964,921620,13939,4.550639877001231
622,33,15,blank,False,1714897086.1342578,0.12161850000120467,921620,13939,4.7162369190009485
623,33,16,blank,False,1714897086.2642405,0.13522454199846834,921620,13939,4.84604237700114
624,33,17,blank,False,1714897086.4085157,0.1200518750010815,921620,13939,4.990377836002153
625,33,18,blank,False,1714897086.5374537,0.15443895799762686,921620,13939,5.118894086001092
626,33,19,success,True,1714897086.6986,0.46866466700157616,921620,13927,5.282703044002119
627,34,1,repeat,False,1714897087.1698523,0.5693941249992349,921620,13927,1.8329992599319667e-06
628,34,2,blank,False,1714897087.7409437,0.22669045899965568,921620,13927,0.5710897080025461
629,34,3,blank,False,1714897087.9763393,0.14833370799897239,921620,13927,0.8028332920002867
630,34,4,blank,False,1714897088.133239,0.12827216599907842,921620,13927,0.9597592499994789
631,34,5,blank,False,1714897088.2709928,0.13904266600002302,921620,13927,1.0978623340015474
632,34,6,blank,False,1714897088.4179735,0.13948925099975895,921620,13927,1.2448917090005125
633,34,7,blank,False,1714897088.5659945,0.1421096670019324,921620,13927,1.3924922510013857
634,34,8,repeat,False,1714897088.716228,0.48401237500002026,921620,13927,1.5430714590002026
635,34,9,blank,False,1714897089.2019877,0.2319361250010843,921620,13927,2.0321180430000823
636,34,10,blank,False,1714897089.4423869,0.16311899999709567,921620,13927,2.2689130840008147
637,34,11,repeat,False,1714897089.614348,0.4569346250027593,921620,13927,2.4407866260007722
638,34,12,blank,False,1714897090.0733292,0.20418291600071825,921620,13927,2.903288543002418
639,34,13,blank,False,1714897090.28591,0.15594391699778498,921620,13927,3.1123940850011422
640,34,14,blank,False,1714897090.4504764,0.1485541670008388,921620,13927,3.2767902510022395
641,34,15,blank,False,1714897090.607708,0.14280712500112713,921620,13927,3.4342305430000124
642,34,16,repeat,False,1714897090.759214,0.4690456249991257,921620,13927,3.585499085002084
643,34,17,blank,False,1714897091.2300353,0.21932941699924413,921620,13927,4.060147918000439
644,34,18,blank,False,1714897091.4577208,0.1486847910018696,921620,13927,4.284470377002435
645,34,19,blank,False,1714897091.615212,0.15417545799937216,921620,13927,4.441662709999946
646,34,20,blank,False,1714897091.7782948,0.1152393749980547,921620,13927,4.60470370999974
647,34,21,repeat,False,1714897091.9020777,0.478183541999897,921620,13927,4.728554752000491
648,34,22,blank,False,1714897092.3819876,0.2036372910006321,921620,13927,5.21209971099961
649,34,23,success,True,1714897092.5913012,0.4649644589990203,921620,13914,5.420293335999304
650,35,1,repeat,False,1714897093.0589893,0.5873412499968254,921620,13914,2.0000006770715117e-06
651,35,2,repeat,False,1714897093.6485379,0.5627281259985466,921620,13914,0.5893872919987189
652,35,3,repeat,False,1714897094.2129798,0.5762875420005003,921620,13914,1.1540539169982367
653,35,4,blank,False,1714897094.7916903,0.25886279200130957,921620,13914,1.7322516259991971
654,35,5,blank,False,1714897095.0585403,0.14392966700324905,921620,13914,1.9965167090012983
655,35,6,repeat,False,1714897095.2105472,0.493715376000182,921620,13914,2.1485053340002196
656,35,7,blank,False,1714897095.7059455,0.262683000000834,921620,13914,2.647025500999007
657,35,8,repeat,False,1714897095.9774325,0.4781087919982383,921620,13914,2.9145789600006538
658,35,9,blank,False,1714897096.4574623,0.23007308299929718,921620,13914,3.3984188770009496
659,35,10,blank,False,1714897096.6957302,0.17137866700068116,921620,13914,3.6332762929996534
660,35,11,blank,False,1714897096.8731966,0.18445879199862247,921620,13914,3.8119333350005036
661,35,12,blank,False,1714897097.0640972,0.16085470799953328,921620,13914,4.002716044000408
662,35,13,blank,False,1714897097.2332773,0.169590875000722,921620,13914,4.170908209998743
663,35,14,repeat,False,1714897097.4099505,0.47570524999900954,921620,13914,4.3478904600015085
664,35,15,blank,False,1714897097.887599,0.2429493330018886,921620,13914,4.828661961000762
665,35,16,blank,False,1714897098.1393542,0.14701712600071914,921620,13914,5.076814085998194
666,35,17,success,True,1714897098.2910304,0.5032351250010834,921620,13919,5.231320252998557
667,36,1,blank,False,1714897098.796968,0.2292197919996397,921620,13919,1.7499987734481692e-06
668,36,2,repeat,False,1714897099.0347471,0.4664948749996256,921620,13919,0.2340197919984348
669,36,3,repeat,False,1714897099.503094,0.5611484999972163,921620,13919,0.7060982500006503
670,36,4,repeat,False,1714897100.0659838,0.5472814999993716,921620,13919,1.269062584000494
671,36,5,blank,False,1714897100.615134,0.20568166699740686,921620,13919,1.8181610419997014
672,36,6,repeat,False,1714897100.8296325,0.4936494169996877,921620,13919,2.0291009590000613
673,36,7,repeat,False,1714897101.3253927,0.5658758329991542,921620,13919,2.5281726670000353
674,36,8,blank,False,1714897101.89325,0.26311237499976414,921620,13919,3.096236625999154
675,36,9,repeat,False,1714897102.165001,0.4709162510007445,921620,13919,3.364290918001643
676,36,10,blank,False,1714897102.637822,0.22405279200029327,921620,13919,3.8408157099984237
677,36,11,blank,False,1714897102.8704638,0.12709841600008076,921620,13919,4.0698160430001735
678,36,12,blank,False,1714897103.0061774,0.15884791699863854,921620,13919,4.205567250999593
679,36,13,blank,False,1714897103.173961,0.1114516250017914,921620,13919,4.3729142929987574
680,36,14,repeat,False,1714897103.2938712,0.49340037499860046,921620,13919,4.49335633499868
681,36,15,blank,False,1714897103.7893682,0.20824120900215348,921620,13919,4.992238252001698
682,36,16,blank,False,1714897104.0063646,0.13162720899708802,921620,13919,5.205628376999812
683,36,17,success,True,1714897104.1443076,0.5049608750014158,921620,13918,5.346151794001344
684,37,1,repeat,False,1714897104.651814,0.5884661669988418,921620,13918,1.9169965526089072e-06
685,37,2,repeat,False,1714897105.24201,0.5742532500007655,921620,13918,0.590252583999245
686,37,3,blank,False,1714897105.818105,0.20541429199874983,921620,13918,1.166309750999062
687,37,4,blank,False,1714897106.0316534,0.11467379199893912,921620,13918,1.3764661259992863
688,37,5,blank,False,1714897106.1548064,0.14093920899904333,921620,13918,1.499419792999106
689,37,6,blank,False,1714897106.3046088,0.14768612499756273,921620,13918,1.6491262929994264
690,37,7,blank,False,1714897106.4604535,0.12413520900008734,921620,13918,1.8050881259987364
691,37,8,repeat,False,1714897106.5935998,0.47115291700174566,921620,13918,1.9379906259964628
692,37,9,blank,False,1714897107.0664008,0.22316295800192165,921620,13918,2.414629000999412
693,37,10,blank,False,1714897107.2988503,0.1244370419990446,921620,13918,2.6433879599971988
694,37,11,blank,False,1714897107.4320934,0.15396837500156835,921620,13918,2.7764575019973563
695,37,12,repeat,False,1714897107.5946455,0.48362433300280827,921620,13918,2.9390118349983823
696,37,13,blank,False,1714897108.0802228,0.20612833300037892,921620,13918,3.428277334998711
697,37,14,blank,False,1714897108.294854,0.12048687499918742,921620,13918,3.639381084998604
698,37,15,blank,False,1714897108.4239519,0.11668991599799483,921620,13918,3.768490751997888
699,37,16,blank,False,1714897108.5488892,0.15967012500186684,921620,13918,3.8938240019997465
700,37,17,blank,False,1714897108.7173297,0.14373670800341642,921620,13918,4.061949418999575
701,37,18,blank,False,1714897108.86939,0.16616658400016604,921620,13918,4.214074501996947
702,37,19,blank,False,1714897109.043966,0.11629891600023257,921620,13918,4.3884102109987
703,37,20,blank,False,1714897109.168958,0.15153058299983968,921620,13918,4.513565918998211
704,37,21,blank,False,1714897109.3292747,0.1280433339998126,921620,13918,4.673593210998661
705,37,22,blank,False,1714897109.4659271,0.13350091599932057,921620,13918,4.810414460996981
706,37,23,blank,False,1714897109.607952,0.14775683399784612,921620,13918,4.95253141899957
707,37,24,blank,False,1714897109.7639856,0.13106191699989722,921620,13918,5.108782168998005
708,37,25,success,True,1714897109.901099,0.48314183399998,921620,13913,5.24807116899683
709,38,1,repeat,False,1714897110.386682,0.5695527090028918,921620,13913,1.791999238776043e-06
710,38,2,blank,False,1714897110.9580927,0.2585303749983723,921620,13913,0.5713586259989825
711,38,3,blank,False,1714897111.2196245,0.19704583400016418,921620,13913,0.8323922919989855
712,38,4,repeat,False,1714897111.420154,0.5101107090013102,921620,13913,1.0327073340013158
713,38,5,blank,False,1714897111.9319394,0.26833333400281845,921620,13913,1.5453055840007437
714,38,6,blank,False,1714897112.2039435,0.18036583300272468,921620,13913,1.8163675430005242
715,38,7,repeat,False,1714897112.3878117,0.4925085830000171,921620,13913,2.0002410009983578
716,38,8,repeat,False,1714897112.8822784,0.5749606669996865,921620,13913,2.495555167999555
717,38,9,blank,False,1714897113.4592497,0.27825200100051006,921620,13913,3.0725297930002853
718,38,10,blank,False,1714897113.7409453,0.1762986660032766,921620,13913,3.3534145849989727
719,38,11,blank,False,1714897113.920501,0.23074954200274078,921620,13913,3.533021669001755
720,38,12,blank,False,1714897114.1547701,0.19351041700065252,921620,13913,3.767251668999961
721,38,13,blank,False,1714897114.351984,0.1803073340015544,921620,13913,3.9643755860015517
722,38,14,blank,False,1714897114.535145,0.24734849999731523,921620,13913,4.147912044001714
723,38,15,repeat,False,1714897114.788915,0.4732652919992688,921620,13913,4.3999282520017005
724,38,16,blank,False,1714897115.2638721,0.26743795899892575,921620,13913,4.877174919001845
725,38,17,blank,False,1714897115.5347967,0.2225404589989921,921620,13913,5.147201961000974
726,38,18,success,True,1714897115.7603588,0.4879934159980621,921620,9311,5.373570669999026
727,39,1,repeat,False,1714897116.250856,0.5657589589973213,921620,9311,1.7079983081202954e-06
728,39,2,blank,False,1714897116.8183212,0.27052608400117606,921620,9311,0.567501124998671
729,39,3,blank,False,1714897117.0930462,0.19519250000303145,921620,9311,0.8409969589993125
730,39,4,blank,False,1714897117.29184,0.21540574999744422,921620,9311,1.040000250999583
731,39,5,blank,False,1714897117.5105164,0.20774024999991525,921620,9311,1.258857959001034
732,39,6,repeat,False,1714897117.7217023,0.4645684999995865,921620,9311,1.4699363760009874
733,39,7,blank,False,1714897118.1879554,0.2613150830002269,921620,9311,1.937135918000422
734,39,8,blank,False,1714897118.452221,0.21196366699950886,921620,9311,2.2006155009985378
735,39,9,blank,False,1714897118.6672955,0.1734353750034643,921620,9311,2.4157917509983236
736,39,10,blank,False,1714897118.8436294,0.17185450000033597,921620,9311,2.592162584998732
737,39,11,blank,False,1714897119.0188053,0.1874868749982852,921620,9311,2.767102542999055
738,39,12,blank,False,1714897119.2096279,0.17561741700046696,921620,9311,2.9579694179992657
739,39,13,blank,False,1714897119.3886771,0.16255929200269748,921620,9311,3.1369338350014004
740,39,14,blank,False,1714897119.5541031,0.1816296670003794,921620,9311,3.3026032929992652
741,39,15,blank,False,1714897119.738547,0.16470066699912422,921620,9311,3.4870764599982067
742,39,16,repeat,False,1714897119.906161,0.5104587919995538,921620,9311,3.6547462939997786
743,39,17,repeat,False,1714897120.4183133,0.5829951250016165,921620,9311,4.167456751998543
744,39,18,blank,False,1714897121.0031903,0.2515209999983199,921620,9311,4.752282794001076
745,39,19,blank,False,1714897121.2576272,0.20064033399830805,921620,9311,5.006091335999372
746,39,20,blank,False,1714897121.461197,0.1990924170022481,921620,9311,5.2097213359993475
747,39,21,success,True,1714897121.6625292,0.49819570900217514,921620,9304,5.411785753000004
748,40,1,repeat,False,1714897122.1637545,0.595486834001349,921620,9304,2.291999408043921e-06
749,40,2,blank,False,1714897122.7610881,0.2544742089994543,921620,9304,0.5975091260006593
750,40,3,blank,False,1714897123.0244293,0.1831244169989077,921620,9304,0.8571971259989368
751,40,4,blank,False,1714897123.215611,0.13626379200286465,921620,9304,1.0486212920004618
752,40,5,low_confidence,False,1714897123.3606946,0.4978281670009892,921620,9304,1.193229959000746
753,40,6,blank,False,1714897123.860188,0.19686066700160154,921620,9304,1.6966335010001785
754,40,7,blank,False,1714897124.0657685,0.11391116699815029,921620,9304,1.898807959001715
755,40,8,blank,False,1714897124.188262,0.12770083299983526,921620,9304,2.021521959999518
756,40,9,repeat,False,1714897124.3249774,0.5102863760002947,921620,9304,2.1578770430023724
757,40,10,blank,False,1714897124.8370738,0.2594462080014637,921620,9304,2.6734867929990287
758,40,11,blank,False,1714897125.1048756,0.13594404100149404,921620,9304,2.937652626998897
759,40,12,repeat,False,1714897125.249223,0.47703454200018314,921620,9304,3.0822589179988427
760,40,13,blank,False,1714897125.7280223,0.20547358300245833,921620,9304,3.564471460002096
761,40,14,repeat,False,1714897125.9417298,0.48153083299985155,921620,9304,3.7747309190017404
762,40,15,blank,False,1714897126.425069,0.22039687500000582,921620,9304,4.261488044001453
763,40,16,blank,False,1714897126.654579,0.1274381250004808,921620,9304,4.48730925199925
764,40,17,blank,False,1714897126.7908998,0.12310054200133891,921620,9304,4.623553294000885
765,40,18,blank,False,1714897126.9224555,0.12292579100176226,921620,9304,4.755577044001257
766,40,19,blank,False,1714897127.0541782,0.11773708399778116,921620,9304,4.886925460999919
767,40,20,blank,False,1714897127.1802166,0.12207633299840381,921620,9304,5.013384669000516
768,40,21,blank,False,1714897127.3111076,0.16206291599883116,921620,9304,5.143881710999267
769,40,22,success,True,1714897127.4794574,0.483808750002936,921620,9313,5.314617544001521
770,41,1,repeat,False,1714897127.9658747,0.5751661249996687,921620,9313,2.083001163555309e-06
771,41,2,blank,False,1714897128.542729,0.2885492920031538,921620,9313,0.5769186670004274
772,41,3,blank,False,1714897128.8350189,0.1892758750000212,921620,9313,0.8682076250006503
773,41,4,repeat,False,1714897129.0269015,0.5010882080023293,921620,9313,1.0606350419984665
774,41,5,blank,False,1714897129.5296233,0.289635167002416,921620,9313,1.5638378760013438
775,41,6,blank,False,1714897129.82275,0.2205902919995424,921620,9313,1.856025959001272
776,41,7,blank,False,1714897130.046807,0.18324591700002202,921620,9313,2.080084083998372
777,41,8,blank,False,1714897130.2331789,0.19331720800255425,921620,9313,2.266738958998758
778,41,9,repeat,False,1714897130.4299386,0.46932783399824984,921620,9313,2.4632729170007224
779,41,10,blank,False,1714897130.9011383,0.2611399999987043,921620,9313,2.935154834001878
780,41,11,blank,False,1714897131.165203,0.2160803750011837,921620,9313,3.198753418000706
781,41,12,blank,False,1714897131.384138,0.2216054999989865,921620,9313,3.4177237930016418
782,41,13,blank,False,1714897131.6089618,0.19773758399969665,921620,9313,3.6423169590016187
783,41,14,blank,False,1714897131.8102272,0.19098441700043622,921620,9313,3.843537043001561
784,41,15,blank,False,1714897132.004296,0.16390104200036149,921620,9313,4.0377230849990156
785,41,16,blank,False,1714897132.1709313,0.17831345800004783,921620,9313,4.2045533759992395
786,41,17,blank,False,1714897132.3520036,0.15455545800068649,921620,9313,4.385568959998636
787,41,18,blank,False,1714897132.5093737,0.20487425000101211,921620,9313,4.543066210000688
788,41,19,blank,False,1714897132.7169185,0.1963600419985596,921620,9313,4.750599959999818
789,41,20,blank,False,1714897132.9169044,0.19140300100116292,921620,9313,4.9500975430019025
790,41,21,blank,False,1714897133.1114058,0.1783815839989984,921620,9313,5.144780001999607
791,41,22,success,True,1714897133.2920165,0.48524854199786205,921620,9319,5.326441794000857
792,42,1,repeat,False,1714897133.779772,0.5764968750008848,921620,9319,1.791999238776043e-06
793,42,2,repeat,False,1714897134.357939,0.5583231250020617,921620,9319,0.5782527499977732
794,42,3,blank,False,1714897134.9179652,0.23397979099900112,921620,9319,1.138287000998389
795,42,4,blank,False,1714897135.1598303,0.11259695800254121,921620,9319,1.37673712600008
796,42,5,blank,False,1714897135.2812161,0.16228449999834993,921620,9319,1.4974758759999531
797,42,6,blank,False,1714897135.4513597,0.12433333300214144,921620,9319,1.6682853759994032
798,42,7,blank,False,1714897135.5846202,0.16435025000100723,921620,9319,1.8012820429976273
799,42,8,repeat,False,1714897135.7547467,0.48000566699920455,921620,9319,1.9735082929983037
800,42,9,blank,False,1714897136.2366164,0.1999837910007045,921620,9319,2.4568952929985244
801,42,10,blank,False,1714897136.4450212,0.13013662500088685,921620,9319,2.6618157509983575
802,42,11,repeat,False,1714897136.5810897,0.47319720900122775,921620,9319,2.8007052930006466
803,42,12,blank,False,1714897137.0562012,0.21151504199951887,921620,9319,3.276476585000637
804,42,13,repeat,False,1714897137.281102,0.4971630840009311,921620,9319,3.49527075199876
805,42,14,blank,False,1714897137.780095,0.22127850000106264,921620,9319,4.000400584998715
806,42,15,blank,False,1714897138.0093262,0.14423404199988,921620,9319,4.226503335998132
807,42,16,repeat,False,1714897138.161685,0.492697917001351,921620,9319,4.378391043999727
808,42,17,blank,False,1714897138.657223,0.25465995899867266,921620,9319,4.876894794000691
809,42,18,blank,False,1714897138.920263,0.13212954100163188,921620,9319,5.137115169000026
810,42,19,success,True,1714897139.0589228,0.49333991700041224,921620,9322,5.27821137799765
811,43,1,blank,False,1714897139.5552,0.2820781670016004,921620,9322,1.9999970390927047e-06
812,43,2,repeat,False,1714897139.8404934,0.5017695420028758,921620,9322,0.2848707919984008
813,43,3,repeat,False,1714897140.3440676,0.5725696670015168,921620,9322,0.7892262509994907
814,43,4,blank,False,1714897140.9183888,0.2789400419969752,921620,9322,1.3635763759994006
815,43,5,blank,False,1714897141.2004974,0.21481670900175232,921620,9322,1.6449751679974725
816,43,6,blank,False,1714897141.4185226,0.21080833399901167,921620,9322,1.8630036260001361
817,43,7,repeat,False,1714897141.6322925,0.47891024999989895,921620,9322,2.0767967100000533
818,43,8,repeat,False,1714897142.1130533,0.5952245830012544,921620,9322,2.5582141679988126
819,43,9,blank,False,1714897142.7102234,0.29305174999899464,921620,9322,3.1552992519973486
820,43,10,blank,False,1714897143.0075538,0.21977095800320967,921620,9322,3.4512637099978747
821,43,11,repeat,False,1714897143.2304282,0.46283191699694726,921620,9322,3.674898793997272
822,43,12,blank,False,1714897143.6948776,0.27036429200234124,921620,9322,4.140099501997611
823,43,13,blank,False,1714897143.9682484,0.22606966699822806,921620,9322,4.412812210997799
824,43,14,blank,False,1714897144.1973991,0.2069250419990567,921620,9322,4.641843585999595
825,43,15,blank,False,1714897144.4074717,0.18908783399820095,921620,9322,4.852052168997034
826,43,16,blank,False,1714897144.5995204,0.20192066700110445,921620,9322,5.044084502998885
827,43,17,success,True,1714897144.80361,0.48865412500163075,921620,9316,5.248952168996766
828,44,1,repeat,False,1714897145.295188,0.5930524169998534,921620,9316,2.4170003598555923e-06
829,44,2,blank,False,1714897145.8903067,0.21924424999815528,921620,9316,0.5951370420007152
830,44,3,blank,False,1714897146.1180844,0.1442556660003902,921620,9316,0.8193359590004547
831,44,4,blank,False,1714897146.2709093,0.1308600420015864,921620,9316,0.9722791669992148
832,44,5,repeat,False,1714897146.410728,0.5062735419996898,921620,9316,1.111895875998016
833,44,6,blank,False,1714897146.9187744,0.20923045900053694,921620,9316,1.6237210420003976
834,44,7,blank,False,1714897147.1364903,0.1397569590008061,921620,9316,1.8378798339981586
835,44,8,repeat,False,1714897147.2848163,0.5044497500020952,921620,9316,1.9864554179985134
836,44,9,repeat,False,1714897147.791003,0.5642598749982426,921620,9316,2.495977334998315
837,44,10,blank,False,1714897148.3569794,0.22830820899980608,921620,9316,3.06197212600091
838,44,11,repeat,False,1714897148.5941079,0.5131599999986065,921620,9316,3.29514304300028
839,44,12,blank,False,1714897149.1094139,0.24008620799941127,921620,9316,3.814136793000216
840,44,13,blank,False,1714897149.35779,0.12967583399949945,921620,9316,4.059305418999429
841,44,14,blank,False,1714897149.495546,0.1248503749993688,921620,9316,4.197091043999535
842,44,15,blank,False,1714897149.6292117,0.13804383300157497,921620,9316,4.330444709998119
843,44,16,blank,False,1714897149.7755268,0.14918566699998337,921620,9316,4.477031252001325
844,44,17,blank,False,1714897149.9331872,0.14914491600211477,921620,9316,4.634354918998724
845,44,18,blank,False,1714897150.0914018,0.12087500000052387,921620,9316,4.792249335998349
846,44,19,blank,False,1714897150.2207708,0.1253048749968002,921620,9316,4.922109918999922
847,44,20,blank,False,1714897150.354588,0.14849395800047205,921620,9316,5.055910335999215
848,44,21,blank,False,1714897150.5115218,0.15679545899911318,921620,9316,5.212921586000448
849,44,22,success,True,1714897150.674078,0.4961626249969413,921620,9304,5.378055002998735
850,45,1,repeat,False,1714897151.1726518,0.5770319590010331,921620,9304,1.8749997252598405e-06
851,45,2,blank,False,1714897151.7514172,0.20824795800217544,921620,9304,0.5787656249995052
852,45,3,blank,False,1714897151.969707,0.12455787499857252,921620,9304,0.7936582500005898
853,45,4,blank,False,1714897152.1027706,0.13196095899911597,921620,9304,0.9265806670009624
854,45,5,blank,False,1714897152.2432423,0.14438945800065994,921620,9304,1.066903041999467
855,45,6,blank,False,1714897152.3964243,0.12213983299807296,921620,9304,1.2199932920011634
856,45,7,repeat,False,1714897152.527166,0.521095541997056,921620,9304,1.3507245000000694
857,45,8,repeat,False,1714897153.0503,0.5743150419984886,921620,9304,1.877517542001442
858,45,9,blank,False,1714897153.626497,0.21247637499982375,921620,9304,2.453760208998574
859,45,10,blank,False,1714897153.8478448,0.150079042003199,921620,9304,2.6715886679994583
860,45,11,blank,False,1714897154.0066154,0.16391858399947523,921620,9304,2.83019620900086
861,45,12,repeat,False,1714897154.176273,0.49399629199979245,921620,9304,3.001360835001833
862,45,13,repeat,False,1714897154.6720786,0.5691617089978536,921620,9304,3.4993591679995006
863,45,14,blank,False,1714897155.243002,0.23577566700259922,921620,9304,4.070335667998734
864,45,15,repeat,False,1714897155.4871845,0.5105043750008917,921620,9304,4.3109103349997895
865,45,16,blank,False,1714897155.9997013,0.19750604200089583,921620,9304,4.82687991900093
866,45,17,blank,False,1714897156.2061985,0.12511975000234088,921620,9304,5.029595127001812
867,45,18,blank,False,1714897156.3406596,0.12718358299753163,921620,9304,5.1641105439994135
868,45,19,success,True,1714897156.4739108,0.49435579200144275,921620,9307,5.300215086001117
869,46,1,repeat,False,1714897156.9708748,0.5854219590000866,921620,9307,1.8330028979107738e-06
870,46,2,blank,False,1714897157.5582361,0.2800536260001536,921620,9307,0.5872577080008341
871,46,3,blank,False,1714897157.8416808,0.19409612500021467,921620,9307,0.8699800000031246
872,46,4,blank,False,1714897158.0386312,0.1705516660003923,921620,9307,1.067197959000623
873,46,5,repeat,False,1714897158.2122402,0.49299545800022315,921620,9307,1.240772917000868
874,46,6,blank,False,1714897158.7069058,0.265362666999863,921620,9307,1.7360314170000493
875,46,7,blank,False,1714897158.9772615,0.2190209579966904,921620,9307,2.0057268340024166
876,46,8,blank,False,1714897159.199902,0.18236437499945168,921620,9307,2.228156418001163
877,46,9,blank,False,1714897159.38506,0.1722293749990058,921620,9307,2.4136472930003947
878,46,10,repeat,False,1714897159.5600243,0.5052227089981898,921620,9307,2.588658459000726
879,46,11,blank,False,1714897160.067017,0.2872458740021102,921620,9307,3.0961610010017466
880,46,12,blank,False,1714897160.3578863,0.16864979199817753,921620,9307,3.386262626001553
881,46,13,blank,False,1714897160.5293722,0.1738818750018254,921620,9307,3.5579156260027958
882,46,14,blank,False,1714897160.7063377,0.1649132910024491,921620,9307,3.7347972090028634
883,46,15,blank,False,1714897160.873906,0.17137320899928454,921620,9307,3.902578376000747
884,46,16,blank,False,1714897161.0482955,0.210012084000482,921620,9307,4.076733626003261
885,46,17,blank,False,1714897161.2615275,0.18470916699880036,921620,9307,4.2899727930016525
886,46,18,blank,False,1714897161.4489195,0.190347625000868,921620,9307,4.477558459002466
887,46,19,blank,False,1714897161.6426282,0.15764741699968,921620,9307,4.670882876001997
888,46,20,blank,False,1714897161.8030941,0.22418095800094306,921620,9307,4.831657501003065
889,46,21,blank,False,1714897162.0303774,0.18187500000203727,921620,9307,5.058847710002738
890,46,22,success,True,1714897162.2146866,0.5345792499974777,921620,9310,5.2438821680007095
891,47,1,repeat,False,1714897162.7518942,0.5774103330004436,921620,9310,1.8749997252598405e-06
892,47,2,blank,False,1714897163.330964,0.30034587499903864,921620,9310,0.5790986669999256
893,47,3,repeat,False,1714897163.6348426,0.5124196670003585,921620,9310,0.8820364170023822
894,47,4,blank,False,1714897164.1491356,0.2605820839999069,921620,9310,1.397243626001
895,47,5,blank,False,1714897164.4126987,0.22358954200171866,921620,9310,1.6600155840023945
896,47,6,blank,False,1714897164.6398787,0.19638258300255984,921620,9310,1.8869644600017637
897,47,7,blank,False,1714897164.8395667,0.20172687499871245,921620,9310,2.086808251002367
898,47,8,repeat,False,1714897165.0440257,0.46720962499966845,921620,9310,2.2915670430011232
899,47,9,blank,False,1714897165.512965,0.2728350830002455,921620,9310,2.7610569600001327
900,47,10,blank,False,1714897165.7892516,0.18448362499839277,921620,9310,3.0365217520011356
901,47,11,repeat,False,1714897165.9772809,0.4999826670027687,921620,9310,3.2245216270021047
902,47,12,repeat,False,1714897166.4788673,0.5693948340012867,921620,9310,3.7269985849998193
903,47,13,blank,False,1714897167.0499291,0.26665329200113774,921620,9310,4.297986669000238
904,47,14,blank,False,1714897167.3196394,0.20703900000080466,921620,9310,4.567008336001891
905,47,15,blank,False,1714897167.5294647,0.18717975000254228,921620,9310,4.776973793999787
906,47,16,blank,False,1714897167.7193906,0.18185945799996261,921620,9310,4.966951794001943
907,47,17,blank,False,1714897167.9045336,0.1707141250008135,921620,9310,5.151810752999154
908,47,18,success,True,1714897168.077447,0.542745417002152,921620,9307,5.32571512800132
909,48,1,blank,False,1714897168.6232488,0.21472337500017602,921620,9307,3.416000254219398e-06
910,48,2,repeat,False,1714897168.846314,0.4907223330010311,921620,9307,0.22012399999948684
911,48,3,repeat,False,1714897169.3386655,0.5835901669997838,921620,9307,0.715649374997156
912,48,4,blank,False,1714897169.923914,0.20834375000049477,921620,9307,1.300884041997051
913,48,5,blank,False,1714897170.1405814,0.15866475000075297,921620,9307,1.5138473339975462
914,48,6,repeat,False,1714897170.3078964,0.49207320799905574,921620,9307,1.6811005419986031
915,48,7,repeat,False,1714897170.8016937,0.5935698340035742,921620,9307,2.1787023340002634
916,48,8,repeat,False,1714897171.3969746,0.5912616249988787,921620,9307,2.773957500998222
917,48,9,blank,False,1714897171.989988,0.2646619999977702,921620,9307,3.3669108759968367
918,48,10,blank,False,1714897172.2629402,0.13101712500065332,921620,9307,3.6361543349994463
919,48,11,blank,False,1714897172.4024122,0.152301082998747,921620,9307,3.7759274179989006
920,48,12,blank,False,1714897172.5633147,0.11588508400018327,921620,9307,3.9367684179997013
921,48,13,repeat,False,1714897172.6875298,0.48974987600013264,921620,9307,4.06075087699719
922,48,14,blank,False,1714897173.1792097,0.23681308300001547,921620,9307,4.556133293997846
923,48,15,blank,False,1714897173.4244027,0.11316833299861173,921620,9307,4.79773437699987
924,48,16,blank,False,1714897173.546449,0.1582129589987744,921620,9307,4.919659834999038
925,48,17,blank,False,1714897173.7133598,0.1586190420021012,921620,9307,5.086693168999773
926,48,18,success,True,1714897173.877755,0.4815104999979667,921620,9313,5.253638001999207
927,49,1,repeat,False,1714897174.3618753,0.5544007499993313,921620,9313,1.791999238776043e-06
928,49,2,blank,False,1714897174.91808,0.20323429200288956,921620,9313,0.5561779589988873
929,49,3,blank,False,1714897175.1301708,0.12439558300320641,921620,9313,0.7644817509972199
930,49,4,repeat,False,1714897175.263232,0.49546195899893064,921620,9313,0.8976461259990174
931,49,5,repeat,False,1714897175.7603915,0.5728685840003891,921620,9313,1.398556001000543
932,49,6,repeat,False,1714897176.3350353,0.5692293340034666,921620,9313,1.9731467929996143
933,49,7,repeat,False,1714897176.9059112,0.6013537920007366,921620,9313,2.544114209998952
934,49,8,blank,False,1714897177.5091035,0.21037854200039874,921620,9313,3.1472235019973596
935,49,9,blank,False,1714897177.7278461,0.14339529200151446,921620,9313,3.3626197519988636
936,49,10,blank,False,1714897177.880101,0.14455291600097553,921620,9313,3.5144801269998425
937,49,11,blank,False,1714897178.0336776,0.15868024999872432,921620,9313,3.6679826269974
938,49,12,blank,False,1714897178.1995473,0.11621279099927051,921620,9313,3.834280002000014
939,49,13,blank,False,1714897178.323985,0.14699020799889695,921620,9313,3.958489959997678
940,49,14,blank,False,1714897178.4785774,0.11909250000098837,921620,9313,4.113413168997795
941,49,15,blank,False,1714897178.606206,0.13167170799715677,921620,9313,4.240860918998806
942,49,16,blank,False,1714897178.7471752,0.14989808300015284,921620,9313,4.381438626998715
943,49,17,blank,False,1714897178.906005,0.16971058299895958,921620,9313,4.540561001998867
944,49,18,blank,False,1714897179.0844157,0.15640925000116113,921620,9313,4.71893566899962
945,49,19,blank,False,1714897179.2495413,0.15804683299938915,921620,9313,4.884086169000511
946,49,20,blank,False,1714897179.417179,0.13264991599862697,921620,9313,5.0515691279979364
947,49,21,repeat,False,1714897179.5587368,0.5034701250006037,921620,9313,5.1929676689978805
948,49,22,success,True,1714897180.0635176,0.5797544169981848,921620,9290,5.7020876280002994
