seq,received,received_monotonic,processed,processed_monotonic,processing_time,result,extra_delay
1,1715931188.4174175,201404.492702673,1715931188.5065963,201404.581882798,0.08918012501089834,FrameResult.SUCCESS,0.0
2,1715931188.6646638,201404.739949214,1715931189.0251997,201405.100486256,0.3605370419973042,FrameResult.LOW_CONFIDENCE,0.0
3,1715931189.1646748,201405.239960881,1715931189.1714659,201405.246752048,0.006791166990296915,FrameResult.CV_ERROR,0.0
4,1715931189.2973728,201405.372654298,1715931189.3051908,201405.380475465,0.007821167004294693,FrameResult.CV_ERROR,0.0
5,1715931189.4396663,201405.514951423,1715931189.4473805,201405.522665173,0.007713749975664541,FrameResult.CV_ERROR,0.0
6,1715931189.5711265,201405.64641159,1715931189.5788693,201405.654154132,0.007742542016785592,FrameResult.CV_ERROR,0.0
7,1715931189.720017,201405.795301632,1715931189.7923572,201405.867643548,0.07234191600582562,FrameResult.NO_CHANGE,0.0
8,1715931189.9309351,201406.00622084,1715931189.9349146,201406.010200257,0.003979417000664398,FrameResult.CV_ERROR,0.0
9,1715931190.1216233,201406.196907173,1715931190.129802,201406.205086507,0.008179333992302418,FrameResult.CV_ERROR,0.0
10,1715931190.264477,201406.339762007,1715931190.2723005,201406.347585632,0.007823624997399747,FrameResult.CV_ERROR,0.0
11,1715931190.3880787,201406.463363382,1715931190.457739,201406.53302559,0.06966220799949951,FrameResult.NO_CHANGE,0.0
12,1715931190.582157,201406.657441924,1715931190.6432517,201406.718538132,0.06109620799543336,FrameResult.NO_CHANGE,0.0
13,1715931190.781007,201406.85629259,1715931190.785768,201406.861053674,0.004761083982884884,FrameResult.CV_ERROR,0.0
14,1715931190.910474,201406.985759215,1715931190.9151607,201406.990446132,0.004686917003709823,FrameResult.CV_ERROR,0.0
15,1715931191.0752125,201407.150497466,1715931191.0862646,201407.161550216,0.011052749992813915,FrameResult.CV_ERROR,0.0
16,1715931191.1966257,201407.271910716,1715931191.2043793,201407.279664841,0.007754124992061406,FrameResult.CV_ERROR,0.0
17,1715931191.3383265,201407.413612382,1715931191.3450632,201407.420348924,0.006736542010912672,FrameResult.CV_ERROR,0.0
18,1715931191.4708204,201407.546105257,1715931191.5337625,201407.609049049,0.06294379199971445,FrameResult.NO_CHANGE,0.0
19,1715931191.66927,201407.744555133,1715931191.674204,201407.749489716,0.0049345830047968775,FrameResult.CV_ERROR,0.0
20,1715931191.798911,201407.874195924,1715931191.8067634,201407.882048966,0.007853042014176026,FrameResult.CV_ERROR,0.0
21,1715931191.9293065,201408.004591633,1715931191.9373834,201408.012668174,0.008076540980255231,FrameResult.CV_ERROR,0.0
22,1715931192.0896988,201408.164983424,1715931192.0975614,201408.172846341,0.007862917002057657,FrameResult.CV_ERROR,0.0
23,1715931192.2371018,201408.312386716,1715931192.2461042,201408.321389258,0.009002542006783187,FrameResult.CV_ERROR,0.0
24,1715931192.400458,201408.475742966,1715931192.4083996,201408.483684216,0.007941249990835786,FrameResult.CV_ERROR,0.0
25,1715931192.5496306,201408.624915716,1715931192.557211,201408.632496091,0.007580375007819384,FrameResult.CV_ERROR,0.0
26,1715931192.7095113,201408.784795216,1715931192.7821903,201408.857476508,0.07268129201838747,FrameResult.NO_CHANGE,0.0
27,1715931192.9268715,201409.002156841,1715931192.932822,201409.008106133,0.00594929201179184,FrameResult.CV_ERROR,0.0
28,1715931193.063652,201409.138932967,1715931193.433408,201409.508694383,0.3697614159900695,FrameResult.SUCCESS,0.0
29,1715931193.5703866,201409.64567205,1715931193.914319,201409.98960555,0.34393350000027567,FrameResult.NO_CHANGE,0.0
30,1715931194.0569437,201410.132229634,1715931194.402978,201410.478264717,0.3460350829991512,FrameResult.NO_CHANGE,0.0
31,1715931194.5434945,201410.618780259,1715931194.8881638,201410.963450259,0.34466999999131076,FrameResult.NO_CHANGE,0.0
32,1715931195.0421693,201411.117455384,1715931195.0963569,201411.171642842,0.054187458008527756,FrameResult.JUNK_FRAME,0.0
33,1715931195.222529,201411.297814676,1715931195.5739489,201411.649235634,0.35142095797345974,FrameResult.NO_CHANGE,0.0
34,1715931195.6916056,201411.766891509,1715931196.028648,201412.10393451,0.33704300099634565,FrameResult.NO_CHANGE,0.0
35,1715931196.1897454,201412.264999801,1715931196.2444024,201412.319688301,0.05468850000761449,FrameResult.JUNK_FRAME,0.0
36,1715931196.371685,201412.446970593,1715931196.4265578,201412.501843426,0.05487283298862167,FrameResult.JUNK_FRAME,0.0
37,1715931196.5396082,201412.61489351,1715931196.5926359,201412.667921802,0.05302829199354164,FrameResult.JUNK_FRAME,0.0
38,1715931196.7122676,201412.787553343,1715931196.768886,201412.844172135,0.05661879200488329,FrameResult.JUNK_FRAME,0.0
39,1715931196.8818665,201412.957152135,1715931196.9368033,201413.012089093,0.05493695801123977,FrameResult.JUNK_FRAME,0.0
40,1715931197.0907876,201413.166072427,1715931197.148559,201413.22384526,0.057772833009948954,FrameResult.JUNK_FRAME,0.0
41,1715931197.2943513,201413.36963601,1715931197.3644753,201413.439760802,0.07012479199329391,FrameResult.JUNK_FRAME,0.0
42,1715931197.4846745,201413.559960469,1715931197.5497003,201413.624986469,0.06502599999657832,FrameResult.JUNK_FRAME,0.0
43,1715931197.6837616,201413.759047344,1715931197.7432742,201413.818559927,0.059512582985917106,FrameResult.JUNK_FRAME,0.0
44,1715931197.8777804,201413.95305826,1715931197.9368749,201414.012160635,0.05910237500211224,FrameResult.JUNK_FRAME,0.0
45,1715931198.0701175,201414.145403011,1715931198.4294786,201414.504762469,0.3593594580015633,FrameResult.SUCCESS,0.0
46,1715931198.5962987,201414.671584386,1715931198.954917,201415.030203261,0.35861887500504963,FrameResult.NO_CHANGE,0.0
47,1715931199.1145577,201415.189843761,1715931199.475331,201415.55061772,0.36077395899337716,FrameResult.NO_CHANGE,0.0
48,1715931199.6812363,201415.756521303,1715931199.747189,201415.822475345,0.06595404198742472,FrameResult.JUNK_FRAME,0.0
49,1715931199.8807945,201415.956079053,1715931199.9412518,201416.016537928,0.060458874999312684,FrameResult.JUNK_FRAME,0.0
50,1715931200.0979571,201416.173242553,1715931200.1727755,201416.248061387,0.07481883402215317,FrameResult.JUNK_FRAME,0.0
51,1715931200.2975733,201416.372858762,1715931200.6484182,201416.723705053,0.35084629099583253,FrameResult.NO_CHANGE,0.0
52,1715931200.7671192,201416.842405387,1715931200.8067317,201416.882017887,0.03961249999701977,FrameResult.JUNK_FRAME,0.0
53,1715931200.9746118,201417.04989722,1715931201.3321693,201417.40745597,0.3575587500235997,FrameResult.NO_CHANGE,0.0
54,1715931201.4972038,201417.572489346,1715931201.8490984,201417.924385221,0.3518958750064485,FrameResult.NO_CHANGE,0.0
55,1715931201.9642854,201418.039571846,1715931202.0033486,201418.078634637,0.03906279100920074,FrameResult.JUNK_FRAME,0.0
56,1715931202.1149237,201418.190209971,1715931202.1611354,201418.236421679,0.04621170798782259,FrameResult.JUNK_FRAME,0.0
57,1715931202.280123,201418.355409013,1715931202.330836,201418.406122013,0.050713000004179776,FrameResult.JUNK_FRAME,0.0
58,1715931202.4656827,201418.540968013,1715931202.5206625,201418.595948554,0.054980540997348726,FrameResult.JUNK_FRAME,0.0
59,1715931202.6671407,201418.742425846,1715931203.0275438,201419.102830346,0.36040450001019053,FrameResult.NO_CHANGE,0.0
60,1715931203.1537395,201419.229025596,1715931203.4882052,201419.563491805,0.33446620899485424,FrameResult.SUCCESS,0.0
61,1715931203.623211,201419.698497055,1715931203.9607606,201420.036047138,0.33755008300067857,FrameResult.NO_CHANGE,0.0
62,1715931204.0814817,201420.156768138,1715931204.128644,201420.203930055,0.04716191699844785,FrameResult.JUNK_FRAME,0.0
63,1715931204.2520282,201420.32731393,1715931204.307747,201420.38303293,0.05571899999631569,FrameResult.JUNK_FRAME,0.0
64,1715931204.4262874,201420.501573472,1715931204.768779,201420.844065847,0.342492374998983,FrameResult.NO_CHANGE,0.0
65,1715931204.8987858,201420.974071847,1715931204.948809,201421.024095139,0.050023291987599805,FrameResult.JUNK_FRAME,0.0
66,1715931205.0765553,201421.151840972,1715931205.1320252,201421.207311306,0.05547033401671797,FrameResult.JUNK_FRAME,0.0
67,1715931205.2501404,201421.325426014,1715931205.3036609,201421.378946806,0.05352079201838933,FrameResult.JUNK_FRAME,0.0
68,1715931205.4269164,201421.502202389,1715931205.4828246,201421.558110306,0.05590791700524278,FrameResult.JUNK_FRAME,0.0
69,1715931205.6088364,201421.684122306,1715931205.94988,201422.025166556,0.3410442500025965,FrameResult.NO_CHANGE,0.0
70,1715931206.1221104,201422.197396098,1715931206.4776325,201422.552919015,0.3555229170015082,FrameResult.NO_CHANGE,0.0
71,1715931206.5990083,201422.674294431,1715931206.6452026,201422.720489015,0.04619458399247378,FrameResult.JUNK_FRAME,0.0
72,1715931206.778523,201422.853809015,1715931206.8330183,201422.90830414,0.05449512499035336,FrameResult.JUNK_FRAME,0.0
73,1715931206.9538262,201423.029111931,1715931207.0103033,201423.085589223,0.056477291975170374,FrameResult.JUNK_FRAME,0.0
74,1715931207.1186152,201423.193900973,1715931207.171287,201423.246572848,0.05267187498975545,FrameResult.JUNK_FRAME,0.0
75,1715931207.3414564,201423.416741432,1715931207.4141731,201423.489459432,0.07271799998125061,FrameResult.JUNK_FRAME,0.0
76,1715931207.540212,201423.615497973,1715931207.6028094,201423.678095348,0.06259737501386553,FrameResult.JUNK_FRAME,0.0
77,1715931207.746899,201423.822184265,1715931207.8303554,201423.90564189,0.08345762500539422,FrameResult.JUNK_FRAME,0.0
78,1715931207.9423728,201424.01765889,1715931207.9898064,201424.06509239,0.0474335000035353,FrameResult.JUNK_FRAME,0.0
79,1715931208.0968885,201424.172174932,1715931208.43466,201424.509946349,0.33777141699101776,FrameResult.SUCCESS,0.0
80,1715931208.5784266,201424.653712849,1715931208.9171517,201424.992438224,0.3387253750115633,FrameResult.NO_CHANGE,0.0
81,1715931209.0889766,201425.164262057,1715931209.095572,201425.170857474,0.006595417013159022,FrameResult.CV_ERROR,0.0
82,1715931209.2208252,201425.296110308,1715931209.2280595,201425.303345224,0.00723491600365378,FrameResult.CV_ERROR,0.0
83,1715931209.3604803,201425.435765266,1715931209.3681228,201425.443408599,0.00764333299594,FrameResult.CV_ERROR,0.0
84,1715931209.5289493,201425.604234516,1715931209.5363994,201425.611684308,0.0074497919995337725,FrameResult.CV_ERROR,0.0
85,1715931209.6693804,201425.744665683,1715931210.0373828,201426.11266935,0.36800366698298603,FrameResult.NO_CHANGE,0.0
86,1715931210.1841888,201426.259475141,1715931210.191889,201426.2671756,0.007700458983890712,FrameResult.CV_ERROR,0.0
87,1715931210.3052905,201426.380575933,1715931210.3137743,201426.38905935,0.008483417012030259,FrameResult.CV_ERROR,0.0
88,1715931210.4326158,201426.507900933,1715931210.7980225,201426.873309058,0.365408124984242,FrameResult.NO_CHANGE,0.0
89,1715931210.932222,201427.007507892,1715931211.2679207,201427.343207225,0.3356993329944089,FrameResult.NO_CHANGE,0.0
90,1715931211.4155118,201427.4907981,1715931211.4233475,201427.4986336,0.007835499971406534,FrameResult.CV_ERROR,0.0
91,1715931211.5763197,201427.651604725,1715931211.584049,201427.6593341,0.007729375007329509,FrameResult.CV_ERROR,0.0
92,1715931211.701254,201427.776539184,1715931211.7088118,201427.784097184,0.0075579999829642475,FrameResult.CV_ERROR,0.0
93,1715931211.8495216,201427.924807142,1715931211.8589723,201427.934257684,0.009450542012928054,FrameResult.CV_ERROR,0.0
94,1715931211.9833124,201428.058597142,1715931211.991152,201428.066437142,0.007840000005671754,FrameResult.CV_ERROR,0.0
95,1715931212.1472864,201428.222571309,1715931212.154541,201428.229826559,0.007255250005982816,FrameResult.CV_ERROR,0.0
96,1715931212.275368,201428.350645684,1715931212.6415367,201428.716823393,0.3661777090164833,FrameResult.LOW_CONFIDENCE,0.0
97,1715931212.8007758,201428.876061601,1715931213.14793,201429.223216393,0.3471547919907607,FrameResult.SUCCESS,0.0
98,1715931213.3018916,201429.377177643,1715931213.6486976,201429.723984018,0.3468063749896828,FrameResult.NO_CHANGE,0.0
99,1715931213.7778459,201429.853132185,1715931214.1161673,201430.191454102,0.3383219169918448,FrameResult.NO_CHANGE,0.0
100,1715931214.2662303,201430.341516685,1715931214.611666,201430.686952518,0.34543583300546743,FrameResult.NO_CHANGE,0.0
101,1715931214.7463717,201430.82272856,1715931214.7915363,201430.867893393,0.04516483301995322,FrameResult.JUNK_FRAME,0.0
102,1715931214.9175527,201430.99390881,1715931214.9712095,201431.04756631,0.05365750001510605,FrameResult.JUNK_FRAME,0.0
103,1715931215.0927658,201431.169121726,1715931215.1459723,201431.222328976,0.053207249991828576,FrameResult.JUNK_FRAME,0.0
104,1715931215.2841542,201431.360510101,1715931215.3413417,201431.417698685,0.0571885840035975,FrameResult.JUNK_FRAME,0.0
105,1715931215.4694846,201431.545840893,1715931215.527977,201431.604333977,0.05849308401229791,FrameResult.JUNK_FRAME,0.0
106,1715931215.6798832,201431.756238852,1715931215.7483363,201431.824693643,0.06845479100593366,FrameResult.JUNK_FRAME,0.0
107,1715931215.8628328,201431.93918531,1715931216.2164092,201432.292766435,0.3535811250039842,FrameResult.NO_CHANGE,0.0
108,1715931216.3657646,201432.442121477,1715931216.4136932,201432.490049894,0.0479284169850871,FrameResult.JUNK_FRAME,0.0
109,1715931216.532136,201432.608492477,1715931216.5849285,201432.66128531,0.052792832982959226,FrameResult.JUNK_FRAME,0.0
110,1715931216.7348235,201432.811179227,1715931216.7942455,201432.870602186,0.059422959020594135,FrameResult.JUNK_FRAME,0.0
111,1715931216.92892,201433.005275936,1715931216.986496,201433.062852769,0.05757683300180361,FrameResult.JUNK_FRAME,0.0
112,1715931217.1353111,201433.211666436,1715931217.4994457,201433.575803103,0.3641366670199204,FrameResult.SUCCESS,0.0
113,1715931217.6303377,201433.706694769,1715931217.9631584,201434.039515686,0.33282091698492877,FrameResult.NO_CHANGE,0.0
114,1715931218.184913,201434.261268853,1715931218.5310059,201434.607363311,0.34609445798560046,FrameResult.NO_CHANGE,0.0
115,1715931218.7605524,201434.836902645,1715931219.1237414,201435.200098603,0.36319595799432136,FrameResult.NO_CHANGE,0.0
116,1715931219.3259664,201435.40232227,1715931219.687802,201435.764159395,0.3618371250049677,FrameResult.NO_CHANGE,0.0
117,1715931219.8974352,201435.973789604,1715931219.9060829,201435.982438895,0.008649291004985571,FrameResult.CV_ERROR,0.0
118,1715931220.1085277,201436.184883229,1715931220.4684293,201436.544786771,0.3599035420047585,FrameResult.NO_CHANGE,0.0
119,1715931220.5977666,201436.674123521,1715931220.6043305,201436.680687562,0.0065640410175547,FrameResult.CV_ERROR,0.0
120,1715931220.7547343,201436.831089521,1715931220.7634718,201436.839828062,0.008738540986087173,FrameResult.CV_ERROR,0.0
121,1715931220.8982165,201436.974572687,1715931220.9065802,201436.982936104,0.008363417000509799,FrameResult.CV_ERROR,0.0
122,1715931221.0272875,201437.103643396,1715931221.0355518,201437.111907979,0.008264583011623472,FrameResult.CV_ERROR,0.0
123,1715931221.1759198,201437.252275729,1715931221.1831217,201437.259477854,0.007202125008916482,FrameResult.CV_ERROR,0.0
124,1715931221.3368738,201437.413229729,1715931221.3452327,201437.421588479,0.008358749997569248,FrameResult.CV_ERROR,0.0
125,1715931221.4784052,201437.554761063,1715931221.8455663,201437.921923688,0.3671626250143163,FrameResult.SUCCESS,0.0
126,1715931221.9991236,201438.075480438,1715931222.3416085,201438.417965771,0.342485332977958,FrameResult.NO_CHANGE,0.0
127,1715931222.459762,201438.536119397,1715931222.786707,201438.863064397,0.32694500000798143,FrameResult.NO_CHANGE,0.0
128,1715931222.915378,201438.991735188,1715931223.247895,201439.324252355,0.33251716700033285,FrameResult.NO_CHANGE,0.0
129,1715931223.3781734,201439.45453048,1715931223.4141736,201439.490530314,0.035999834013637155,FrameResult.JUNK_FRAME,0.0
130,1715931223.5438774,201439.620233022,1715931223.893298,201439.969655314,0.34942229199805297,FrameResult.NO_CHANGE,0.0
131,1715931224.019804,201440.096160939,1715931224.0556965,201440.132052939,0.03589200001442805,FrameResult.JUNK_FRAME,0.0
132,1715931224.1688957,201440.245252314,1715931224.2152998,201440.291656856,0.046404541993979365,FrameResult.JUNK_FRAME,0.0
133,1715931224.3538146,201440.430168564,1715931224.4068997,201440.483257106,0.05308854201575741,FrameResult.JUNK_FRAME,0.0
134,1715931224.5521786,201440.628534189,1715931224.9122052,201440.988562439,0.3600282499974128,FrameResult.NO_CHANGE,0.0
135,1715931225.036858,201441.113214981,1715931225.070214,201441.146570939,0.03335595800308511,FrameResult.JUNK_FRAME,0.0
136,1715931225.2008362,201441.27719219,1715931225.244858,201441.321215356,0.044023166003171355,FrameResult.JUNK_FRAME,0.0
137,1715931225.3538337,201441.430189731,1715931225.7044888,201441.780845898,0.35065616699284874,FrameResult.NO_CHANGE,0.0
138,1715931225.867542,201441.94389869,1715931226.2120721,201442.288429565,0.3445308750087861,FrameResult.SUCCESS,0.0
139,1715931226.3174355,201442.393792523,1715931226.6427453,201442.719102357,0.32530983397737145,FrameResult.NO_CHANGE,0.0
140,1715931226.790695,201442.86705144,1715931227.127816,201443.204173274,0.33712183398893103,FrameResult.NO_CHANGE,0.0
141,1715931227.2522383,201443.328594566,1715931227.2914326,201443.367789649,0.03919508299441077,FrameResult.JUNK_FRAME,0.0
142,1715931227.445377,201443.521732524,1715931227.7921557,201443.868512774,0.346780249994481,FrameResult.NO_CHANGE,0.0
143,1715931227.9583006,201444.034656983,1715931228.310318,201444.386675149,0.352018165984191,FrameResult.NO_CHANGE,0.0
144,1715931228.4332008,201444.509557899,1715931228.7593918,201444.835748983,0.32619108399376273,FrameResult.NO_CHANGE,0.0
145,1715931228.8761919,201444.952548566,1715931228.9121535,201444.988510608,0.035962041991297156,FrameResult.JUNK_FRAME,0.0
146,1715931229.064952,201445.141307733,1715931229.1170063,201445.193363441,0.05205570801626891,FrameResult.JUNK_FRAME,0.0
147,1715931229.2754066,201445.351762191,1715931229.339564,201445.415921191,0.06415899997227825,FrameResult.JUNK_FRAME,0.0
148,1715931229.4920886,201445.568441275,1715931229.852795,201445.929152067,0.3607107919815462,FrameResult.NO_CHANGE,0.0
149,1715931230.0023696,201446.078726025,1715931230.337612,201446.413969317,0.33524329197825864,FrameResult.NO_CHANGE,0.0
150,1715931230.4988475,201446.57520415,1715931230.847073,201446.923430359,0.34822620899649337,FrameResult.SUCCESS,0.0
151,1715931230.9992964,201447.075653276,1715931231.0072904,201447.083647192,0.007993915991391987,FrameResult.CV_ERROR,0.0
152,1715931231.137252,201447.213604234,1715931231.501321,201447.577678234,0.3640739999827929,FrameResult.NO_CHANGE,0.0
153,1715931231.637939,201447.714295859,1715931231.6447465,201447.721103234,0.0068073750007897615,FrameResult.CV_ERROR,0.0
154,1715931231.792992,201447.869347943,1715931231.8006084,201447.876964318,0.0076163750200066715,FrameResult.CV_ERROR,0.0
155,1715931231.9353018,201448.011657484,1715931231.9426806,201448.019036776,0.0073792920156847686,FrameResult.CV_ERROR,0.0
156,1715931232.1413755,201448.217731443,1715931232.5084555,201448.584812443,0.3670810000039637,FrameResult.NO_CHANGE,0.0
157,1715931232.6285324,201448.704889526,1715931232.9589586,201449.035315777,0.33042625099187717,FrameResult.NO_CHANGE,0.0
158,1715931233.0907133,201449.167070443,1715931233.0977623,201449.174119652,0.007049208972603083,FrameResult.CV_ERROR,0.0
159,1715931233.2184076,201449.294759902,1715931233.5843248,201449.66068211,0.3659222080023028,FrameResult.NO_CHANGE,0.0
160,1715931233.6970892,201449.773446319,1715931234.0284684,201450.104825902,0.3313795829890296,FrameResult.NO_CHANGE,0.0
161,1715931234.1885214,201450.264878444,1715931234.1968055,201450.27316211,0.008283666014904156,FrameResult.CV_ERROR,0.0
162,1715931234.3588448,201450.435200277,1715931234.7219539,201450.798310944,0.3631106670072768,FrameResult.NO_CHANGE,0.0
163,1715931234.8869076,201450.963264236,1715931234.8964548,201450.972811611,0.009547374997055158,FrameResult.CV_ERROR,0.0
164,1715931235.0189486,201451.095304569,1715931235.0259361,201451.102292528,0.0069879590009804815,FrameResult.CV_ERROR,0.0
165,1715931235.1649559,201451.241311778,1715931235.5229876,201451.599344986,0.35803320800187066,FrameResult.SUCCESS,0.0
166,1715931235.6541283,201451.730484945,1715931235.6612487,201451.737606195,0.007121250004274771,FrameResult.CV_ERROR,0.0
167,1715931235.812011,201451.888366903,1715931236.1688266,201452.245183945,0.3568170419894159,FrameResult.NO_CHANGE,0.0
168,1715931236.296966,201452.373323236,1715931236.6271744,201452.703531612,0.33020837599178776,FrameResult.NO_CHANGE,0.0
169,1715931236.842812,201452.919167278,1715931236.8516157,201452.927971403,0.00880412498372607,FrameResult.CV_ERROR,0.0
170,1715931236.9717171,201453.048072737,1715931236.9795709,201453.055926987,0.007854249997762963,FrameResult.CV_ERROR,0.0
171,1715931237.1111298,201453.187485654,1715931237.473693,201453.550050237,0.36256458301795647,FrameResult.NO_CHANGE,0.0
172,1715931237.601542,201453.677898945,1715931237.6082695,201453.684626987,0.006728042004397139,FrameResult.CV_ERROR,0.0
173,1715931237.7398834,201453.816239654,1715931237.7477984,201453.824154446,0.007914791989605874,FrameResult.CV_ERROR,0.0
174,1715931237.8640046,201453.940360112,1715931238.2237732,201454.300130404,0.3597702920087613,FrameResult.NO_CHANGE,0.0
175,1715931238.3747642,201454.451120904,1715931238.3832011,201454.459558362,0.008437457989202812,FrameResult.CV_ERROR,0.0
176,1715931238.5264218,201454.602778404,1715931238.5339386,201454.610295363,0.007516959012718871,FrameResult.CV_ERROR,0.0
177,1715931238.6545649,201454.730921488,1715931238.659419,201454.735775196,0.004853708000155166,FrameResult.CV_ERROR,0.0
178,1715931238.8132524,201454.889608196,1715931239.1717448,201455.248102238,0.3584940419823397,FrameResult.NO_CHANGE,0.0
179,1715931239.2982507,201455.374607946,1715931239.6268258,201455.703183155,0.32857520901598036,FrameResult.NO_CHANGE,0.0
180,1715931239.7842207,201455.860577113,1715931240.129225,201456.205582363,0.3450052500120364,FrameResult.SUCCESS,0.0
181,1715931240.2909982,201456.367354655,1715931240.6268256,201456.703182905,0.3358282500121277,FrameResult.NO_CHANGE,0.0
182,1715931240.7595139,201456.835870864,1715931240.80654,201456.882896947,0.047026083018863574,FrameResult.JUNK_FRAME,0.0
183,1715931240.9578333,201457.03418928,1715931241.2998908,201457.376248072,0.3420587919827085,FrameResult.NO_CHANGE,0.0
184,1715931241.4292586,201457.505615739,1715931241.7600458,201457.836403114,0.33078737498726696,FrameResult.NO_CHANGE,0.0
185,1715931241.8758593,201457.952215656,1715931242.201607,201458.277964198,0.3257485420035664,FrameResult.NO_CHANGE,0.0
186,1715931242.3302033,201458.406560448,1715931242.6570985,201458.73345599,0.32689554200624116,FrameResult.NO_CHANGE,0.0
187,1715931242.7823613,201458.858718115,1715931243.105007,201459.18136424,0.3226461250160355,FrameResult.NO_CHANGE,0.0
188,1715931243.2476716,201459.324027906,1715931243.5765574,201459.652914698,0.3288867920055054,FrameResult.NO_CHANGE,0.0
189,1715931243.6959262,201459.772282948,1715931243.7376401,201459.813996823,0.04171387501992285,FrameResult.JUNK_FRAME,0.0
190,1715931243.9014142,201459.977769782,1715931244.2483506,201460.32470824,0.34693845798028633,FrameResult.NO_CHANGE,0.0
191,1715931244.3755004,201460.451857199,1715931244.7078104,201460.785646156,0.3337889570102561,FrameResult.SUCCESS,0.0
192,1715931244.8458269,201460.923662406,1715931245.1805236,201461.258359448,0.3346970419806894,FrameResult.NO_CHANGE,0.0
193,1715931245.3376904,201461.415525531,1715931245.381317,201461.459152282,0.043626751023111865,FrameResult.JUNK_FRAME,0.0
194,1715931245.5006979,201461.578532782,1715931245.545883,201461.623718615,0.0451858330052346,FrameResult.JUNK_FRAME,0.0
195,1715931245.6569803,201461.73481499,1715931245.7061448,201461.783980073,0.049165083008119836,FrameResult.JUNK_FRAME,0.0
196,1715931245.864907,201461.942741573,1715931245.9223504,201462.000185823,0.05744425000739284,FrameResult.JUNK_FRAME,0.0
197,1715931246.0627034,201462.140537324,1715931246.1194286,201462.197263949,0.05672662498545833,FrameResult.JUNK_FRAME,0.0
198,1715931246.2430084,201462.320842324,1715931246.2950528,201462.372888157,0.05204583299928345,FrameResult.JUNK_FRAME,0.0
199,1715931246.4133754,201462.491208699,1715931246.4683204,201462.54615574,0.05494704100419767,FrameResult.JUNK_FRAME,0.0
200,1715931246.577099,201462.654929115,1715931246.6266332,201462.704468657,0.049539542000275105,FrameResult.JUNK_FRAME,0.0
201,1715931246.7869174,201462.864751782,1715931246.8441486,201462.921984491,0.05723270899034105,FrameResult.JUNK_FRAME,0.0
202,1715931246.9827232,201463.060557157,1715931247.0433602,201463.121195741,0.06063858399284072,FrameResult.JUNK_FRAME,0.0
203,1715931247.1478283,201463.225662949,1715931247.1994553,201463.277290616,0.051627667009597644,FrameResult.JUNK_FRAME,0.0
204,1715931247.366055,201463.443889616,1715931247.4270654,201463.504901366,0.06101174998912029,FrameResult.JUNK_FRAME,0.0
205,1715931247.5776742,201463.655508491,1715931247.938387,201464.016222741,0.36071424998226576,FrameResult.NO_CHANGE,0.0
206,1715931248.1012583,201464.179093366,1715931248.1463842,201464.224219658,0.04512629201053642,FrameResult.JUNK_FRAME,0.0
207,1715931248.2896805,201464.367514741,1715931248.6464126,201464.724248325,0.3567335839907173,FrameResult.NO_CHANGE,0.0
208,1715931248.7579699,201464.83580545,1715931248.7818651,201464.859701033,0.02389558299910277,FrameResult.JUNK_FRAME,0.0
209,1715931248.9066677,201464.984503575,1715931249.2358806,201465.313716325,0.3292127500171773,FrameResult.SUCCESS,0.0
210,1715931249.395969,201465.473804533,1715931249.737913,201465.815748784,0.34194425100577064,FrameResult.NO_CHANGE,0.0
211,1715931249.8693004,201465.947135909,1715931250.2040176,201466.281853575,0.33471766600268893,FrameResult.NO_CHANGE,0.0
212,1715931250.3212426,201466.399078284,1715931250.647026,201466.724862117,0.3257838329882361,FrameResult.NO_CHANGE,0.0
213,1715931250.7764077,201466.854243076,1715931250.783158,201466.860993534,0.006750458007445559,FrameResult.CV_ERROR,0.0
214,1715931250.9207754,201466.998609826,1715931250.928516,201467.006350617,0.007740791013929993,FrameResult.CV_ERROR,0.0
215,1715931251.0567768,201467.134610993,1715931251.0647497,201467.142584076,0.00797308300388977,FrameResult.CV_ERROR,0.0
216,1715931251.2059429,201467.283777076,1715931251.2139926,201467.291827368,0.00805029200273566,FrameResult.CV_ERROR,0.0
217,1715931251.3425376,201467.420372409,1715931251.3502824,201467.428117368,0.007744959002593532,FrameResult.CV_ERROR,0.0
218,1715931251.4774947,201467.555328993,1715931251.4854555,201467.563289993,0.007960999995702878,FrameResult.CV_ERROR,0.0
219,1715931251.6421354,201467.719970034,1715931251.6499727,201467.727807284,0.007837250013835728,FrameResult.CV_ERROR,0.0
220,1715931251.7623513,201467.840186035,1715931251.7699797,201467.847814201,0.00762816600035876,FrameResult.CV_ERROR,0.0
221,1715931251.9205632,201467.998397785,1715931252.279791,201468.357627118,0.3592293330002576,FrameResult.NO_CHANGE,0.0
222,1715931252.4243436,201468.502178868,1715931252.7609618,201468.83879741,0.3366185420018155,FrameResult.NO_CHANGE,0.0
223,1715931252.919893,201468.997728118,1715931252.9282146,201469.00605016,0.00832204200560227,FrameResult.CV_ERROR,0.0
224,1715931253.0941627,201469.17199616,1715931253.1026611,201469.180495452,0.008499291987391189,FrameResult.CV_ERROR,0.0
225,1715931253.2268176,201469.304651952,1715931253.2346013,201469.312435952,0.007783999986713752,FrameResult.CV_ERROR,0.0
226,1715931253.366705,201469.444539035,1715931253.373926,201469.451760535,0.007221500010928139,FrameResult.CV_ERROR,0.0
227,1715931253.5028749,201469.580709285,1715931253.8580658,201469.935901452,0.35519216701504774,FrameResult.SUCCESS,0.0
228,1715931253.9858818,201470.063717369,1715931254.314353,201470.392188827,0.32847145802224986,FrameResult.NO_CHANGE,0.0
229,1715931254.4810925,201470.558927703,1715931254.4908876,201470.568723203,0.009795499994652346,FrameResult.CV_ERROR,0.0
230,1715931254.5985117,201470.676345661,1715931254.6067216,201470.684555578,0.008209916995838284,FrameResult.CV_ERROR,0.0
231,1715931254.748354,201470.826188036,1715931255.1092424,201471.187078119,0.3608900829858612,FrameResult.NO_CHANGE,0.0
232,1715931255.2238994,201471.301735078,1715931255.229755,201471.307590661,0.005855582974618301,FrameResult.CV_ERROR,0.0
233,1715931255.3477104,201471.425544995,1715931255.7059648,201471.78380062,0.3582556250039488,FrameResult.NO_CHANGE,0.0
234,1715931255.8353734,201471.913208703,1715931256.1694548,201472.247290745,0.3340820420125965,FrameResult.NO_CHANGE,0.0
235,1715931256.3071299,201472.384965537,1715931256.3141122,201472.39194787,0.006982332997722551,FrameResult.CV_ERROR,0.0
236,1715931256.461452,201472.539285703,1715931256.8174298,201472.89526562,0.355979916988872,FrameResult.NO_CHANGE,0.0
237,1715931256.9439778,201473.021813245,1715931257.2728097,201473.350645454,0.3288322089938447,FrameResult.NO_CHANGE,0.0
238,1715931257.4240336,201473.501868996,1715931257.432481,201473.510316704,0.008447707979939878,FrameResult.CV_ERROR,0.0
239,1715931257.5934193,201473.671249787,1715931257.6015735,201473.679402204,0.008152416994562373,FrameResult.CV_ERROR,0.0
240,1715931257.728411,201473.806245162,1715931257.7364428,201473.814277287,0.00803212498431094,FrameResult.CV_ERROR,0.0
241,1715931257.8887644,201473.966598246,1715931257.9020963,201473.979930954,0.013332707982044667,FrameResult.CV_ERROR,0.0
242,1715931258.0244927,201474.102327329,1715931258.0320828,201474.109917538,0.007590209017507732,FrameResult.CV_ERROR,0.0
243,1715931258.1821294,201474.259963454,1715931258.552264,201474.630099621,0.37013616698095575,FrameResult.SUCCESS,0.0
244,1715931258.6698515,201474.747686746,1715931259.009883,201475.08771858,0.34003183399909176,FrameResult.NO_CHANGE,0.0
245,1715931259.145473,201475.223308621,1715931259.4875658,201475.565401705,0.3420930840075016,FrameResult.NO_CHANGE,0.0
246,1715931259.6083388,201475.686174622,1715931259.6468415,201475.724676872,0.038502249983139336,FrameResult.JUNK_FRAME,0.0
247,1715931259.7708132,201475.848648497,1715931259.817609,201475.895444163,0.04679566601407714,FrameResult.JUNK_FRAME,0.0
248,1715931259.945839,201476.02367333,1715931259.9985623,201476.076398205,0.052724875014973804,FrameResult.JUNK_FRAME,0.0
249,1715931260.1224866,201476.20032108,1715931260.177857,201476.255692705,0.055371624999679625,FrameResult.JUNK_FRAME,0.0
250,1715931260.3258812,201476.403715872,1715931260.3903465,201476.46818208,0.06446620798669755,FrameResult.JUNK_FRAME,0.0
251,1715931260.542977,201476.620810955,1715931260.607902,201476.68573783,0.06492687499849126,FrameResult.JUNK_FRAME,0.0
252,1715931260.740382,201476.818216289,1715931260.8017216,201476.879550664,0.061334375001024455,FrameResult.JUNK_FRAME,0.0
253,1715931260.9236336,201477.001468331,1715931260.9819863,201477.059821872,0.0583535410114564,FrameResult.JUNK_FRAME,0.0
254,1715931261.0965686,201477.174403456,1715931261.4286215,201477.506457372,0.3320539159758482,FrameResult.NO_CHANGE,0.0
255,1715931261.562702,201477.640537498,1715931261.6031816,201477.681017123,0.04047962499316782,FrameResult.JUNK_FRAME,0.0
256,1715931261.7299075,201477.807742414,1715931262.0804868,201478.158322456,0.35058004199527204,FrameResult.NO_CHANGE,0.0
257,1715931262.2210126,201478.298847831,1715931262.264447,201478.342282206,0.04343437499483116,FrameResult.JUNK_FRAME,0.0
258,1715931262.3865674,201478.464402623,1715931262.4391882,201478.517023165,0.05262054200284183,FrameResult.JUNK_FRAME,0.0
259,1715931262.5663266,201478.644161665,1715931262.6202972,201478.698132748,0.05397108299075626,FrameResult.JUNK_FRAME,0.0
260,1715931262.738655,201478.816489623,1715931263.098992,201479.176827998,0.3603383750014473,FrameResult.SUCCESS,0.0
261,1715931263.2285976,201479.306433582,1715931263.564678,201479.642513749,0.3360801669768989,FrameResult.NO_CHANGE,0.0
262,1715931263.7152088,201479.793043374,1715931264.0602205,201480.138056249,0.34501287501188926,FrameResult.NO_CHANGE,0.0
263,1715931264.2056491,201480.283484582,1715931264.2133005,201480.291135832,0.007651249994523823,FrameResult.CV_ERROR,0.0
264,1715931264.3412735,201480.419107999,1715931264.3491092,201480.426943624,0.007835625001462176,FrameResult.CV_ERROR,0.0
265,1715931264.497703,201480.575537707,1715931264.863398,201480.941234124,0.36569641702226363,FrameResult.NO_CHANGE,0.0
266,1715931265.0293186,201481.107153458,1715931265.3807008,201481.458536624,0.3513831660093274,FrameResult.NO_CHANGE,0.0
267,1715931265.5020573,201481.579892833,1715931265.8389046,201481.916740583,0.33684775000438094,FrameResult.NO_CHANGE,0.0
268,1715931265.9654775,201482.043313041,1715931265.9723413,201482.05017675,0.006863708986202255,FrameResult.CV_ERROR,0.0
269,1715931266.1091223,201482.186956583,1715931266.1171036,201482.19493725,0.007980666996445507,FrameResult.CV_ERROR,0.0
270,1715931266.2485862,201482.326420708,1715931266.25633,201482.334164458,0.007743750000372529,FrameResult.CV_ERROR,0.0
271,1715931266.4102309,201482.488065208,1715931266.4181035,201482.495933542,0.007868334010709077,FrameResult.CV_ERROR,0.0
272,1715931266.5795846,201482.657418833,1715931266.586987,201482.6648215,0.007402666989946738,FrameResult.CV_ERROR,0.0
273,1715931266.7114024,201482.789236333,1715931266.721216,201482.799050458,0.009814125020056963,FrameResult.CV_ERROR,0.0
274,1715931266.8806195,201482.958454042,1715931267.2439013,201483.321736959,0.3632829170092009,FrameResult.NO_CHANGE,0.0
275,1715931267.3824315,201483.460267125,1715931267.7293887,201483.807224459,0.3469573339971248,FrameResult.SUCCESS,0.0
276,1715931267.8798895,201483.957724334,1715931268.2282336,201484.306069459,0.34834512500674464,FrameResult.NO_CHANGE,0.0
277,1715931268.3572843,201484.435119584,1715931268.6941857,201484.772021709,0.3369021250109654,FrameResult.NO_CHANGE,0.0
278,1715931268.84544,201484.923275168,1715931269.1933968,201485.271232585,0.34795741699053906,FrameResult.NO_CHANGE,0.0
279,1715931269.319647,201485.397481751,1715931269.6539063,201485.73174221,0.3342604589997791,FrameResult.NO_CHANGE,0.0
280,1715931269.7780254,201485.855860668,1715931269.7843773,201485.862212918,0.006352249998599291,FrameResult.CV_ERROR,0.0
281,1715931269.9154,201485.993233668,1715931270.2816956,201486.359531335,0.36629766700207256,FrameResult.NO_CHANGE,0.0
282,1715931270.4340706,201486.511905293,1715931270.7849674,201486.862803085,0.3508977919991594,FrameResult.NO_CHANGE,0.0
283,1715931270.914233,201486.992068835,1715931270.9207556,201486.998591377,0.006522541982121766,FrameResult.CV_ERROR,0.0
284,1715931271.0798838,201487.15771396,1715931271.0876408,201487.165475377,0.0077614169858861715,FrameResult.CV_ERROR,0.0
285,1715931271.250469,201487.328303586,1715931271.2584662,201487.336301002,0.007997416018042713,FrameResult.CV_ERROR,0.0
286,1715931271.3856366,201487.463470711,1715931271.3932242,201487.471055877,0.0075851659930776805,FrameResult.CV_ERROR,0.0
287,1715931271.5446153,201487.622449711,1715931271.5524592,201487.630293877,0.007844166015274823,FrameResult.CV_ERROR,0.0
288,1715931271.6802554,201487.758089919,1715931271.687875,201487.765709544,0.0076196250156499445,FrameResult.CV_ERROR,0.0
289,1715931271.8326657,201487.910500252,1715931271.8405154,201487.918349961,0.00784970898530446,FrameResult.CV_ERROR,0.0
290,1715931271.9869308,201488.064765628,1715931272.3479476,201488.425783378,0.3610177500231657,FrameResult.SUCCESS,0.0
291,1715931272.478502,201488.556337753,1715931272.8140419,201488.891877711,0.3355399580032099,FrameResult.NO_CHANGE,0.0
292,1715931272.941786,201489.01962142,1715931272.9864073,201489.06424242,0.04462099997908808,FrameResult.JUNK_FRAME,0.0
293,1715931273.1244173,201489.202252628,1715931273.4548926,201489.532728378,0.33047575000091456,FrameResult.NO_CHANGE,0.0
294,1715931273.5861413,201489.66397692,1715931273.6286771,201489.706512087,0.0425351669837255,FrameResult.JUNK_FRAME,0.0
295,1715931273.763548,201489.841382878,1715931274.1123312,201490.190166962,0.34878408402437344,FrameResult.NO_CHANGE,0.0
296,1715931274.2342744,201490.312109879,1715931274.5702274,201490.648063504,0.33595362497726455,FrameResult.NO_CHANGE,0.0
297,1715931274.6981564,201490.775999837,1715931275.0354662,201491.113327879,0.3373280419909861,FrameResult.NO_CHANGE,0.0
298,1715931275.2157753,201491.293631295,1715931275.5652418,201491.643103712,0.34947241700137965,FrameResult.NO_CHANGE,0.0
299,1715931275.6814728,201491.759334212,1715931275.721397,201491.799257962,0.03992375000962056,FrameResult.JUNK_FRAME,0.0
300,1715931275.8461924,201491.924053837,1715931276.1877317,201492.265593546,0.34153970901388675,FrameResult.NO_CHANGE,0.0
301,1715931276.339737,201492.417598046,1715931276.3867629,201492.464623629,0.047025582985952497,FrameResult.JUNK_FRAME,0.0
302,1715931276.5355022,201492.613358254,1715931276.5936203,201492.671481296,0.05812304202117957,FrameResult.JUNK_FRAME,0.0
303,1715931276.7165153,201492.794376088,1715931277.0627937,201493.14065538,0.3462792920181528,FrameResult.SUCCESS,0.0
304,1715931277.204207,201493.282068213,1715931277.2115092,201493.289370755,0.007302541984245181,FrameResult.CV_ERROR,0.0
305,1715931277.3451035,201493.422963755,1715931277.7027318,201493.780593422,0.3576296670071315,FrameResult.NO_CHANGE,0.0
306,1715931277.8563979,201493.93425838,1715931277.8647914,201493.942652297,0.008393916999921203,FrameResult.CV_ERROR,0.0
307,1715931277.9829392,201494.060799297,1715931277.9910512,201494.068911422,0.00811212498228997,FrameResult.CV_ERROR,0.0
308,1715931278.1193438,201494.197204047,1715931278.1273444,201494.205200422,0.007996375003131106,FrameResult.CV_ERROR,0.0
309,1715931278.2503915,201494.328251422,1715931278.2581968,201494.336057089,0.007805667002685368,FrameResult.CV_ERROR,0.0
310,1715931278.4088616,201494.486721922,1715931278.7709477,201494.848809339,0.3620874169864692,FrameResult.NO_CHANGE,0.0
311,1715931278.8924072,201494.970268714,1715931279.2247283,201495.302590047,0.3323213330004364,FrameResult.NO_CHANGE,0.0
312,1715931279.3758686,201495.453728964,1715931279.71983,201495.797691631,0.3439626670151483,FrameResult.NO_CHANGE,0.0
313,1715931279.8934264,201495.971287048,1715931279.8980708,201495.975932298,0.004645249980967492,FrameResult.CV_ERROR,0.0
314,1715931280.013281,201496.091141173,1715931280.0208437,201496.098704589,0.007563416002085432,FrameResult.CV_ERROR,0.0
315,1715931280.1455526,201496.223412631,1715931280.5013835,201496.57924509,0.35583245899761096,FrameResult.NO_CHANGE,0.0
316,1715931280.634504,201496.712365298,1715931280.6410992,201496.718960881,0.0065955829923041165,FrameResult.CV_ERROR,0.0
317,1715931280.7644997,201496.842359965,1715931280.7721157,201496.849975715,0.007615750015247613,FrameResult.CV_ERROR,0.0
318,1715931280.8853216,201496.963182006,1715931280.8928475,201496.970708006,0.007526000001234934,FrameResult.CV_ERROR,0.0
319,1715931281.0451238,201497.122983798,1715931281.0527735,201497.130634215,0.007650416984688491,FrameResult.CV_ERROR,0.0
320,1715931281.210986,201497.288846048,1715931281.2186368,201497.296497382,0.007651333988178521,FrameResult.CV_ERROR,0.0
321,1715931281.3992445,201497.477104382,1715931281.7634683,201497.841329965,0.3642255830054637,FrameResult.SUCCESS,0.0
322,1715931281.8990622,201497.976918007,1715931282.2380688,201498.31593034,0.33901233298820443,FrameResult.NO_CHANGE,0.0
323,1715931282.358969,201498.436830715,1715931282.3648348,201498.442696091,0.005865375977009535,FrameResult.CV_ERROR,0.0
324,1715931282.4923327,201498.570193132,1715931282.500192,201498.578051216,0.007858083990868181,FrameResult.CV_ERROR,0.0
325,1715931282.648339,201498.726199341,1715931282.6562164,201498.734076674,0.00787733300239779,FrameResult.CV_ERROR,0.0
326,1715931282.772286,201498.850145966,1715931283.1380548,201499.215916216,0.36577025000588037,FrameResult.NO_CHANGE,0.0
327,1715931283.2839334,201499.361794883,1715931283.2916825,201499.369544216,0.007749332988169044,FrameResult.CV_ERROR,0.0
328,1715931283.4510555,201499.528916299,1715931283.457672,201499.535532966,0.006616667000344023,FrameResult.CV_ERROR,0.0
329,1715931283.5737631,201499.651623466,1715931283.9352539,201500.013115591,0.3614921249973122,FrameResult.NO_CHANGE,0.0
330,1715931284.0539825,201500.131843466,1715931284.0598786,201500.137740216,0.005896750022657216,FrameResult.CV_ERROR,0.0
331,1715931284.1852062,201500.263066466,1715931284.1929443,201500.27080455,0.007738084008451551,FrameResult.CV_ERROR,0.0
332,1715931284.328106,201500.4059663,1715931284.3365307,201500.414390883,0.008424583007581532,FrameResult.CV_ERROR,0.0
333,1715931284.4719894,201500.549848717,1715931284.4794502,201500.557310675,0.007461958011845127,FrameResult.CV_ERROR,0.0
334,1715931284.6109118,201500.688771925,1715931284.618578,201500.6964348,0.007662874995730817,FrameResult.CV_ERROR,0.0
335,1715931284.7787392,201500.856598675,1715931284.7879272,201500.865787092,0.00918841702514328,FrameResult.CV_ERROR,0.0
336,1715931284.9220352,201500.999894717,1715931284.9298263,201501.007686383,0.007791665993863717,FrameResult.CV_ERROR,0.0
337,1715931285.101899,201501.179759217,1715931285.4624,201501.540261759,0.36050254199653864,FrameResult.NO_CHANGE,0.0
338,1715931285.5958729,201501.673733884,1715931285.6029067,201501.680768134,0.007034250011201948,FrameResult.CV_ERROR,0.0
339,1715931285.7289946,201501.806854842,1715931285.7373064,201501.8151668,0.0083119579940103,FrameResult.CV_ERROR,0.0
340,1715931285.8756816,201501.953541717,1715931286.2353423,201502.313204092,0.35966237500542775,FrameResult.NO_CHANGE,0.0
341,1715931286.3582947,201502.436155884,1715931286.6937907,201502.771652176,0.33549629198387265,FrameResult.SUCCESS,0.0
342,1715931286.8210776,201502.898938801,1715931287.1647089,201503.242567384,0.3436285830102861,FrameResult.NO_CHANGE,0.0
343,1715931287.331817,201503.409677385,1715931287.3417206,201503.41958151,0.009904125006869435,FrameResult.CV_ERROR,0.0
344,1715931287.4560955,201503.533955843,1715931287.8232274,201503.901089093,0.36713324999436736,FrameResult.NO_CHANGE,0.0
345,1715931287.961415,201504.03927626,1715931287.9683807,201504.046242135,0.0069658749853260815,FrameResult.CV_ERROR,0.0
346,1715931288.0895307,201504.16739076,1715931288.097837,201504.175697177,0.008306417003041133,FrameResult.CV_ERROR,0.0
347,1715931288.2387357,201504.316591552,1715931288.2462351,201504.324095843,0.007504291017539799,FrameResult.CV_ERROR,0.0
348,1715931288.3675025,201504.44535826,1715931288.3753407,201504.453200385,0.007842124992748722,FrameResult.CV_ERROR,0.0
349,1715931288.5284781,201504.606338093,1715931288.5358224,201504.613682343,0.007344250014284626,FrameResult.CV_ERROR,0.0
350,1715931288.697698,201504.775557344,1715931289.0631096,201505.140971219,0.36541387499892153,FrameResult.NO_CHANGE,0.0
351,1715931289.1749053,201505.252766844,1715931289.5112042,201505.589065927,0.3362990829918999,FrameResult.NO_CHANGE,0.0
352,1715931289.621306,201505.699167094,1715931289.6272855,201505.705146719,0.005979625013424084,FrameResult.CV_ERROR,0.0
353,1715931289.7384307,201505.816290594,1715931290.0903118,201506.168173219,0.35188262499286793,FrameResult.NO_CHANGE,0.0
354,1715931290.2172801,201506.295141594,1715931290.223329,201506.301190553,0.006048959010513499,FrameResult.CV_ERROR,0.0
355,1715931290.3388572,201506.416717344,1715931290.3469708,201506.424831428,0.008114084019325674,FrameResult.CV_ERROR,0.0
356,1715931290.4843957,201506.562255636,1715931290.4924953,201506.570355011,0.008099375001620501,FrameResult.CV_ERROR,0.0
357,1715931290.6453388,201506.723198469,1715931290.6533904,201506.731250303,0.008051834010984749,FrameResult.CV_ERROR,0.0
358,1715931290.789695,201506.867554511,1715931290.7976422,201506.875502386,0.007947875012177974,FrameResult.CV_ERROR,0.0
359,1715931290.9396012,201507.01745997,1715931291.306599,201507.384460595,0.36700062500312924,FrameResult.SUCCESS,0.0
360,1715931291.4212277,201507.499089136,1715931291.7543933,201507.832255095,0.3331659590185154,FrameResult.NO_CHANGE,0.0
361,1715931291.878805,201507.956665262,1715931292.2139452,201508.291806762,0.33514149999246,FrameResult.NO_CHANGE,0.0
362,1715931292.36673,201508.44459122,1715931292.3749506,201508.452812012,0.008220791991334409,FrameResult.CV_ERROR,0.0
363,1715931292.499437,201508.577297554,1715931292.8617241,201508.939585887,0.36228833300992846,FrameResult.NO_CHANGE,0.0
364,1715931292.9798849,201509.057746054,1715931292.9857328,201509.063594429,0.005848375003552064,FrameResult.CV_ERROR,0.0
365,1715931293.181708,201509.259567512,1715931293.189271,201509.267131429,0.007563916995422915,FrameResult.CV_ERROR,0.0
366,1715931293.3018796,201509.379740054,1715931293.3095336,201509.387393971,0.007653917011339217,FrameResult.CV_ERROR,0.0
367,1715931293.4296956,201509.507555679,1715931293.7902462,201509.868107804,0.3605521249992307,FrameResult.NO_CHANGE,0.0
368,1715931293.938275,201510.016136221,1715931293.9457705,201510.023631846,0.007495625002775341,FrameResult.CV_ERROR,0.0
369,1715931294.1067212,201510.184581679,1715931294.1145754,201510.192435388,0.007853708986658603,FrameResult.CV_ERROR,0.0
370,1715931294.2466598,201510.324520138,1715931294.2543652,201510.332224721,0.007704582996666431,FrameResult.CV_ERROR,0.0
371,1715931294.386976,201510.464836263,1715931294.3943954,201510.472255471,0.00741920797736384,FrameResult.CV_ERROR,0.0
372,1715931294.5165167,201510.594376805,1715931294.8834522,201510.961313555,0.36693674998241477,FrameResult.NO_CHANGE,0.0
373,1715931295.0267584,201511.104619638,1715931295.033543,201511.11140468,0.006785042001865804,FrameResult.CV_ERROR,0.0
374,1715931295.1609926,201511.238852722,1715931295.1688502,201511.246710472,0.00785775002441369,FrameResult.CV_ERROR,0.0
375,1715931295.3056085,201511.383468347,1715931295.3144996,201511.392360263,0.008891916018910706,FrameResult.CV_ERROR,0.0
376,1715931295.4654868,201511.543347305,1715931295.4729993,201511.550859763,0.0075124579889234155,FrameResult.CV_ERROR,0.0
377,1715931295.5868456,201511.66470618,1715931295.9521482,201512.030009764,0.36530358402524143,FrameResult.SUCCESS,0.0
378,1715931296.1092079,201512.187068889,1715931296.4566462,201512.534507847,0.3474389580078423,FrameResult.NO_CHANGE,0.0
379,1715931296.588798,201512.666659181,1715931296.9259899,201513.003851764,0.3371925829851534,FrameResult.NO_CHANGE,0.0
380,1715931297.0546088,201513.132470014,1715931297.1008868,201513.178748056,0.04627804199117236,FrameResult.JUNK_FRAME,0.0
381,1715931297.2272437,201513.305104764,1715931297.5761445,201513.654006139,0.34890137499314733,FrameResult.NO_CHANGE,0.0
382,1715931297.7025518,201513.780413348,1715931297.7450655,201513.822927056,0.04251370800193399,FrameResult.JUNK_FRAME,0.0
383,1715931297.8617787,201513.939639723,1715931298.2093184,201514.287180015,0.34754029201576486,FrameResult.NO_CHANGE,0.0
384,1715931298.328866,201514.406727265,1715931298.3702025,201514.448064098,0.04133683297550306,FrameResult.JUNK_FRAME,0.0
385,1715931298.5042605,201514.582121473,1715931298.5580208,201514.635882182,0.053760708979098126,FrameResult.JUNK_FRAME,0.0
386,1715931298.6848128,201514.762673557,1715931298.7410405,201514.81890189,0.05622833297820762,FrameResult.JUNK_FRAME,0.0
387,1715931298.873045,201514.950905348,1715931299.2326517,201515.310513515,0.35960816699662246,FrameResult.NO_CHANGE,0.0
388,1715931299.3514638,201515.429325349,1715931299.3926964,201515.470557265,0.0412319160241168,FrameResult.JUNK_FRAME,0.0
389,1715931299.5253124,201515.603173182,1715931299.5797539,201515.657615474,0.054442291992018,FrameResult.JUNK_FRAME,0.0
390,1715931299.6944492,201515.77231014,1715931299.7481177,201515.825978807,0.05366866700933315,FrameResult.JUNK_FRAME,0.0
391,1715931299.88702,201515.964880391,1715931299.95221,201516.030070807,0.06519041600404307,FrameResult.JUNK_FRAME,0.0
392,1715931300.0634582,201516.141318807,1715931300.1034954,201516.181356682,0.040037875005509704,FrameResult.JUNK_FRAME,0.0
393,1715931300.2153463,201516.293207349,1715931300.563448,201516.641309599,0.3481022500200197,FrameResult.SUCCESS,0.0
394,1715931300.7246664,201516.802527433,1715931301.0761242,201517.153985766,0.35145833299611695,FrameResult.NO_CHANGE,0.0
395,1715931301.2288132,201517.306673849,1715931301.5801997,201517.658061475,0.3513876259967219,FrameResult.NO_CHANGE,0.0
396,1715931301.7076182,201517.785479058,1715931301.7147057,201517.792566933,0.0070878750120755285,FrameResult.CV_ERROR,0.0
397,1715931301.834063,201517.9119231,1715931301.841952,201517.919806725,0.007883624988608062,FrameResult.CV_ERROR,0.0
398,1715931301.9846406,201518.062500017,1715931302.3556113,201518.4334731,0.37097308301599696,FrameResult.NO_CHANGE,0.0
399,1715931302.4941068,201518.571967808,1715931302.5012712,201518.579132725,0.0071649169840384275,FrameResult.CV_ERROR,0.0
400,1715931302.6533775,201518.731237642,1715931303.021198,201519.099059684,0.36782204199698754,FrameResult.NO_CHANGE,0.0
401,1715931303.1615665,201519.239427517,1715931303.5106509,201519.588512392,0.349084874993423,FrameResult.NO_CHANGE,0.0
402,1715931303.6614327,201519.739293976,1715931303.6691945,201519.747055601,0.007761625020066276,FrameResult.CV_ERROR,0.0
403,1715931303.807979,201519.885839351,1715931303.8158226,201519.893682976,0.007843625004170462,FrameResult.CV_ERROR,0.0
404,1715931303.9455657,201520.023423476,1715931303.953594,201520.031454184,0.008030708006117493,FrameResult.CV_ERROR,0.0
405,1715931304.0823894,201520.160245643,1715931304.0902572,201520.168117434,0.007871790992794558,FrameResult.CV_ERROR,0.0
406,1715931304.2331293,201520.310989184,1715931304.2413793,201520.319239726,0.008250541985034943,FrameResult.CV_ERROR,0.0
407,1715931304.3605423,201520.438402268,1715931304.3684115,201520.446271809,0.007869541004765779,FrameResult.CV_ERROR,0.0
408,1715931304.4982405,201520.576100851,1715931304.5057738,201520.583634059,0.007533208001405001,FrameResult.CV_ERROR,0.0
409,1715931304.6353595,201520.713219226,1715931304.6431668,201520.721027393,0.0078081670217216015,FrameResult.CV_ERROR,0.0
410,1715931304.7910998,201520.871649684,1715931305.1537747,201521.234326225,0.36267654100083746,FrameResult.SUCCESS,0.0
411,1715931305.2819812,201521.362532225,1715931305.32752,201521.408071225,0.04553900001337752,FrameResult.JUNK_FRAME,0.0
412,1715931305.470669,201521.551215517,1715931305.8173397,201521.897891142,0.34667562498361804,FrameResult.NO_CHANGE,0.0
413,1715931305.9392962,201522.019847309,1715931305.9836128,201522.064163892,0.04431658299290575,FrameResult.JUNK_FRAME,0.0
414,1715931306.0984766,201522.179027434,1715931306.148691,201522.229241893,0.05021445898455568,FrameResult.JUNK_FRAME,0.0
415,1715931306.307041,201522.387591684,1715931306.3523598,201522.432910726,0.04531904199393466,FrameResult.JUNK_FRAME,0.0
416,1715931306.477428,201522.557978934,1715931306.822872,201522.903423185,0.34544425099738874,FrameResult.NO_CHANGE,0.0
417,1715931306.9817739,201523.06232456,1715931307.0349772,201523.11552831,0.05320374999428168,FrameResult.JUNK_FRAME,0.0
418,1715931307.1756752,201523.256224726,1715931307.2369182,201523.317469476,0.06124474998796359,FrameResult.JUNK_FRAME,0.0
419,1715931307.3705437,201523.451093393,1715931307.725657,201523.806208643,0.3551152500149328,FrameResult.NO_CHANGE,0.0
420,1715931307.8423712,201523.922922227,1715931308.1769328,201524.257484185,0.33456195797771215,FrameResult.NO_CHANGE,0.0
421,1715931308.307251,201524.387801935,1715931308.6421475,201524.722699019,0.33489708401612006,FrameResult.NO_CHANGE,0.0
422,1715931308.791582,201524.872133019,1715931308.8414702,201524.922021227,0.04988820798462257,FrameResult.JUNK_FRAME,0.0
423,1715931308.9695292,201525.050079977,1715931309.0248148,201525.105365727,0.05528575001517311,FrameResult.JUNK_FRAME,0.0
424,1715931309.1542087,201525.234759144,1715931309.2109225,201525.291472644,0.056713500001933426,FrameResult.JUNK_FRAME,0.0
425,1715931309.3742461,201525.454795311,1715931309.7321613,201525.812712644,0.35791733299265616,FrameResult.SUCCESS,0.0
426,1715931309.8656898,201525.946240978,1715931310.204752,201526.285303478,0.3390625000174623,FrameResult.NO_CHANGE,0.0
427,1715931310.315307,201526.39585802,1715931310.350511,201526.43106202,0.03520400001434609,FrameResult.JUNK_FRAME,0.0
428,1715931310.4630811,201526.543632103,1715931310.7988188,201526.87937027,0.3357381669920869,FrameResult.NO_CHANGE,0.0
429,1715931310.9554455,201527.03599627,1715931311.2997077,201527.380258937,0.34426266700029373,FrameResult.NO_CHANGE,0.0
430,1715931311.4407399,201527.521290937,1715931311.482738,201527.56328802,0.041997082997113466,FrameResult.JUNK_FRAME,0.0
431,1715931311.6380312,201527.71858177,1715931311.9983642,201528.078915812,0.36033404199406505,FrameResult.NO_CHANGE,0.0
432,1715931312.153777,201528.234327854,1715931312.4969137,201528.577465104,0.34313724999083206,FrameResult.NO_CHANGE,0.0
433,1715931312.6879494,201528.768499104,1715931313.0401323,201529.120683979,0.3521848750242498,FrameResult.NO_CHANGE,0.0
434,1715931313.156911,201529.237461813,1715931313.1939976,201529.274548438,0.03708662500139326,FrameResult.JUNK_FRAME,0.0
435,1715931313.3482256,201529.428775313,1715931313.4016197,201529.482170813,0.05339549999916926,FrameResult.JUNK_FRAME,0.0
436,1715931313.5220294,201529.602579521,1715931313.5762115,201529.656762521,0.054183000000193715,FrameResult.JUNK_FRAME,0.0
437,1715931313.745294,201529.825843979,1715931313.8065886,201529.887139646,0.06129566699382849,FrameResult.JUNK_FRAME,0.0
438,1715931313.9379182,201530.018467771,1715931314.3007028,201530.38125398,0.3627862090070266,FrameResult.SUCCESS,0.0
439,1715931314.4427617,201530.523312855,1715931314.4799075,201530.560458813,0.037145958020118997,FrameResult.JUNK_FRAME,0.0
440,1715931314.5929935,201530.673543897,1715931314.938981,201531.01953273,0.34598883299622685,FrameResult.NO_CHANGE,0.0
441,1715931315.0649343,201531.145485397,1715931315.098539,201531.179090355,0.033604958007344976,FrameResult.JUNK_FRAME,0.0
442,1715931315.2351432,201531.31569273,1715931315.2809813,201531.361532439,0.04583970902604051,FrameResult.JUNK_FRAME,0.0
443,1715931315.4049542,201531.485504564,1715931315.4549248,201531.535476189,0.04997162497602403,FrameResult.JUNK_FRAME,0.0
444,1715931315.579349,201531.659898314,1715931315.6367524,201531.717303439,0.05740512500051409,FrameResult.JUNK_FRAME,0.0
445,1715931315.7467375,201531.827287939,1715931315.7974262,201531.87797698,0.05068904100335203,FrameResult.JUNK_FRAME,0.0
446,1715931315.926363,201532.006912647,1715931315.981831,201532.062382314,0.05546966701513156,FrameResult.JUNK_FRAME,0.0
447,1715931316.1070993,201532.187645439,1715931316.159708,201532.240259231,0.05261379200965166,FrameResult.JUNK_FRAME,0.0
448,1715931316.2823923,201532.362941939,1715931316.338844,201532.419395564,0.05645362500217743,FrameResult.JUNK_FRAME,0.0
449,1715931316.486329,201532.566878981,1715931316.8489068,201532.929458148,0.362579167005606,FrameResult.NO_CHANGE,0.0
450,1715931316.9709458,201533.051497273,1715931317.0052443,201533.085795481,0.03429820798919536,FrameResult.JUNK_FRAME,0.0
451,1715931317.153737,201533.234287606,1715931317.2028391,201533.283390398,0.0491027919924818,FrameResult.JUNK_FRAME,0.0
452,1715931317.3594108,201533.439960273,1715931317.7249162,201533.805467731,0.36550745798740536,FrameResult.NO_CHANGE,0.0
453,1715931317.844543,201533.92509419,1715931317.8786051,201533.959156356,0.034062165999785066,FrameResult.JUNK_FRAME,0.0
454,1715931318.022065,201534.10261444,1715931318.0705624,201534.151113065,0.048498624993953854,FrameResult.JUNK_FRAME,0.0
455,1715931318.2041717,201534.284721023,1715931318.2590969,201534.339647857,0.05492683401098475,FrameResult.JUNK_FRAME,0.0
456,1715931318.3998709,201534.480420648,1715931318.4565637,201534.537114523,0.056693874998018146,FrameResult.JUNK_FRAME,0.0
457,1715931318.5944242,201534.674974315,1715931318.9619112,201535.042462815,0.3674884999927599,FrameResult.SUCCESS,0.0
458,1715931319.116708,201535.197258899,1715931319.465872,201535.546423566,0.3491646670154296,FrameResult.NO_CHANGE,0.0
459,1715931319.5895298,201535.670080816,1715931319.930161,201536.010712107,0.34063129100832157,FrameResult.NO_CHANGE,0.0
460,1715931320.0520363,201536.132587566,1715931320.057961,201536.138512149,0.005924582976149395,FrameResult.CV_ERROR,0.0
461,1715931320.2057471,201536.286296691,1715931320.214154,201536.294703774,0.00840708301984705,FrameResult.CV_ERROR,0.0
462,1715931320.3383303,201536.418880108,1715931320.346272,201536.426822024,0.007941916002891958,FrameResult.CV_ERROR,0.0
463,1715931320.486573,201536.567123316,1715931320.4923522,201536.572902816,0.005779500002972782,FrameResult.CV_ERROR,0.0
464,1715931320.638383,201536.718932024,1715931321.0076373,201537.088188525,0.36925650099874474,FrameResult.NO_CHANGE,0.0
465,1715931321.14425,201537.224801025,1715931321.4846206,201537.565172108,0.3403710830025375,FrameResult.NO_CHANGE,0.0
466,1715931321.6108427,201537.691393817,1715931321.9522545,201538.032805775,0.3414119580120314,FrameResult.NO_CHANGE,0.0
467,1715931322.066478,201538.1470294,1715931322.4038708,201538.484422359,0.3373929590161424,FrameResult.NO_CHANGE,0.0
468,1715931322.5512536,201538.63180465,1715931322.5592299,201538.639781067,0.00797641699318774,FrameResult.CV_ERROR,0.0
469,1715931322.7163975,201538.79694765,1715931322.7239687,201538.804519109,0.007571458991151303,FrameResult.CV_ERROR,0.0
470,1715931322.8768146,201538.957364526,1715931322.8847103,201538.965256151,0.007891624991316348,FrameResult.CV_ERROR,0.0
471,1715931323.0275514,201539.108101942,1715931323.0348248,201539.115375734,0.00727379199815914,FrameResult.CV_ERROR,0.0
472,1715931323.1907284,201539.271278109,1715931323.5573633,201539.637914568,0.36663645901717246,FrameResult.SUCCESS,0.0
473,1715931323.7055469,201539.786097859,1715931324.0490074,201540.129559026,0.3434611670090817,FrameResult.NO_CHANGE,0.0
474,1715931324.2489321,201540.329481526,1715931324.305845,201540.386396526,0.056915000022854656,FrameResult.JUNK_FRAME,0.0
475,1715931324.4223573,201540.502907818,1715931324.4756572,201540.556208235,0.05330041699926369,FrameResult.JUNK_FRAME,0.0
476,1715931324.606618,201540.687168235,1715931324.665396,201540.74594711,0.05877887501264922,FrameResult.JUNK_FRAME,0.0
477,1715931324.7946436,201540.875193735,1715931324.8556986,201540.936249818,0.06105608301004395,FrameResult.JUNK_FRAME,0.0
478,1715931324.9719021,201541.052452235,1715931325.026626,201541.107177277,0.054725042020436376,FrameResult.JUNK_FRAME,0.0
479,1715931325.1897836,201541.270332943,1715931325.2532115,201541.333762402,0.06342945899814367,FrameResult.JUNK_FRAME,0.0
480,1715931325.3923988,201541.472948277,1715931325.4522283,201541.532779568,0.05983129100059159,FrameResult.JUNK_FRAME,0.0
481,1715931325.5622537,201541.642804152,1715931325.613885,201541.694436235,0.051632082992000505,FrameResult.JUNK_FRAME,0.0
482,1715931325.750412,201541.83096186,1715931326.114804,201542.195355277,0.36439341702498496,FrameResult.NO_CHANGE,0.0
483,1715931326.2260907,201542.306641985,1715931326.2619996,201542.342550902,0.03590891699423082,FrameResult.JUNK_FRAME,0.0
484,1715931326.421567,201542.502117569,1715931326.780674,201542.861225444,0.3591078750032466,FrameResult.NO_CHANGE,0.0
485,1715931326.8989115,201542.979462611,1715931327.2339833,201543.314534611,0.3350720000162255,FrameResult.NO_CHANGE,0.0
486,1715931327.3988218,201543.479372069,1715931327.4502878,201543.530839069,0.051466999982949346,FrameResult.JUNK_FRAME,0.0
487,1715931327.5657806,201543.646330861,1715931327.6172283,201543.697779319,0.05144845799077302,FrameResult.JUNK_FRAME,0.0
488,1715931327.731163,201543.811713528,1715931328.081363,201544.161914361,0.35020083299605176,FrameResult.SUCCESS,0.0
489,1715931328.2302852,201544.310836153,1715931328.568216,201544.64876732,0.337931167014176,FrameResult.NO_CHANGE,0.0
490,1715931328.6944404,201544.774991778,1715931328.7333105,201544.81386157,0.038869792013429105,FrameResult.JUNK_FRAME,0.0
491,1715931328.8513486,201544.93189957,1715931328.8980584,201544.978609653,0.046710082999197766,FrameResult.JUNK_FRAME,0.0
492,1715931329.0219035,201545.10245382,1715931329.0740564,201545.154607903,0.0521540830086451,FrameResult.JUNK_FRAME,0.0
493,1715931329.237224,201545.317773695,1715931329.5988092,201545.679360695,0.36158700002124533,FrameResult.NO_CHANGE,0.0
494,1715931329.744123,201545.824673529,1715931330.0865698,201546.167121362,0.34244783301255666,FrameResult.NO_CHANGE,0.0
495,1715931330.219164,201546.299714904,1715931330.2597659,201546.340317112,0.04060220799874514,FrameResult.JUNK_FRAME,0.0
496,1715931330.4083545,201546.488904737,1715931330.7611918,201546.841743404,0.35283866699319333,FrameResult.LOW_CONFIDENCE,0.0
497,1715931330.905079,201546.985629696,1715931331.2452512,201547.325802363,0.34017266699811444,FrameResult.NO_CHANGE,0.0
498,1715931331.3728435,201547.453394446,1715931331.4111912,201547.491741738,0.03834729199297726,FrameResult.JUNK_FRAME,0.0
499,1715931331.5485213,201547.629071155,1715931331.8993547,201547.979906155,0.35083499999018386,FrameResult.NO_CHANGE,0.0
500,1715931332.0427644,201548.123314822,1715931332.0829556,201548.163506613,0.040191790991229936,FrameResult.JUNK_FRAME,0.0
501,1715931332.1998684,201548.28041928,1715931332.249657,201548.330207447,0.04978816700167954,FrameResult.JUNK_FRAME,0.0
502,1715931332.395921,201548.476470863,1715931332.7596183,201548.840169614,0.3636987509962637,FrameResult.SUCCESS,0.0
503,1715931332.8951597,201548.975711239,1715931333.2342956,201549.314846739,0.3391354999912437,FrameResult.NO_CHANGE,0.0
504,1715931333.379557,201549.460107697,1715931333.7229936,201549.803545031,0.343437333998736,FrameResult.NO_CHANGE,0.0
505,1715931333.893585,201549.974135781,1715931333.9420998,201550.022650531,0.04851475000032224,FrameResult.JUNK_FRAME,0.0
506,1715931334.0637786,201550.144324864,1715931334.112462,201550.193013281,0.04868841700954363,FrameResult.JUNK_FRAME,0.0
507,1715931334.2476058,201550.328155614,1715931334.303474,201550.384025406,0.055869792005978525,FrameResult.JUNK_FRAME,0.0
508,1715931334.4269543,201550.507504323,1715931334.7869072,201550.866742864,0.35923854098655283,FrameResult.NO_CHANGE,0.0
509,1715931334.9439838,201551.023818114,1715931334.9891481,201551.068982905,0.04516479102312587,FrameResult.JUNK_FRAME,0.0
510,1715931335.1267052,201551.206539405,1715931335.1820934,201551.261928905,0.05538950001937337,FrameResult.JUNK_FRAME,0.0
511,1715931335.2990751,201551.378909739,1715931335.6565104,201551.736346239,0.35743649999494664,FrameResult.NO_CHANGE,0.0
512,1715931335.7707014,201551.850536614,1715931336.1049175,201552.184753489,0.3342168750241399,FrameResult.NO_CHANGE,0.0
513,1715931336.2463758,201552.326210989,1715931336.2855904,201552.365425864,0.03921487499610521,FrameResult.JUNK_FRAME,0.0
514,1715931336.4268,201552.506633656,1715931336.4779286,201552.557764239,0.05113058298593387,FrameResult.JUNK_FRAME,0.0
515,1715931336.5869637,201552.666794364,1715931336.6381474,201552.717983114,0.05118875001790002,FrameResult.JUNK_FRAME,0.0
516,1715931336.78882,201552.868653698,1715931336.8471043,201552.926939948,0.058286249986849725,FrameResult.JUNK_FRAME,0.0
517,1715931336.9756176,201553.055451656,1715931337.3348646,201553.414700281,0.3592486249981448,FrameResult.SUCCESS,0.0
518,1715931337.4625084,201553.542343906,1715931337.4691062,201553.548941781,0.006597874977160245,FrameResult.CV_ERROR,0.0
519,1715931337.5816717,201553.661506115,1715931337.9432836,201554.02311924,0.36161312501644716,FrameResult.NO_CHANGE,0.0
520,1715931338.0756876,201554.155523032,1715931338.0824356,201554.162270907,0.006747874984284863,FrameResult.CV_ERROR,0.0
521,1715931338.2000477,201554.27988199,1715931338.5616004,201554.641436199,0.3615542089974042,FrameResult.NO_CHANGE,0.0
522,1715931338.6953385,201554.775173865,1715931339.0343342,201555.114169907,0.33899604200269096,FrameResult.NO_CHANGE,0.0
523,1715931339.1730373,201555.252872907,1715931339.1798127,201555.259648074,0.006775166984880343,FrameResult.CV_ERROR,0.0
524,1715931339.3436103,201555.423444699,1715931339.351201,201555.431035157,0.007590458000777289,FrameResult.CV_ERROR,0.0
525,1715931339.4785507,201555.558385449,1715931339.4856985,201555.565532824,0.007147374999476597,FrameResult.CV_ERROR,0.0
526,1715931339.6359375,201555.715772199,1715931339.9966083,201556.076444074,0.36067187497974373,FrameResult.NO_CHANGE,0.0
527,1715931340.1104977,201556.190333074,1715931340.4452531,201556.525088825,0.33475575101329014,FrameResult.NO_CHANGE,0.0
528,1715931340.5722663,201556.652101866,1715931340.5790322,201556.658867408,0.006765541998902336,FrameResult.CV_ERROR,0.0
529,1715931340.7348588,201556.814691991,1715931341.0949712,201557.1748067,0.3601147090084851,FrameResult.NO_CHANGE,0.0
530,1715931341.2364883,201557.316323825,1715931341.2434149,201557.323249783,0.006925957975909114,FrameResult.CV_ERROR,0.0
531,1715931341.3685672,201557.448401033,1715931341.3762717,201557.456105658,0.0077046249934937805,FrameResult.CV_ERROR,0.0
532,1715931341.4988725,201557.578707033,1715931341.5062726,201557.586106658,0.007399624999379739,FrameResult.CV_ERROR,0.0
533,1715931341.6555693,201557.735403992,1715931342.0105128,201558.090348742,0.35494474999723025,FrameResult.SUCCESS,0.0
534,1715931342.1502123,201558.230047867,1715931342.4797914,201558.559627076,0.3295792090066243,FrameResult.NO_CHANGE,0.0
535,1715931342.6023486,201558.682184159,1715931342.6082928,201558.688128617,0.005944458011072129,FrameResult.CV_ERROR,0.0
536,1715931342.7270107,201558.806845367,1715931342.7347205,201558.814553784,0.007708416989771649,FrameResult.CV_ERROR,0.0
537,1715931342.9234211,201559.003255076,1715931342.9312525,201559.011086617,0.007831541006453335,FrameResult.CV_ERROR,0.0
538,1715931343.0624332,201559.142267451,1715931343.0706754,201559.150508784,0.008241332980105653,FrameResult.CV_ERROR,0.0
539,1715931343.2016923,201559.281526743,1715931343.2095795,201559.289408868,0.007882125006290153,FrameResult.CV_ERROR,0.0
540,1715931343.3307955,201559.410629659,1715931343.3387594,201559.418593326,0.007963667012518272,FrameResult.CV_ERROR,0.0
541,1715931343.476621,201559.556455076,1715931343.4836817,201559.563516159,0.0070610829861834645,FrameResult.CV_ERROR,0.0
542,1715931343.654043,201559.733876868,1715931343.6588829,201559.738717159,0.004840290988795459,FrameResult.CV_ERROR,0.0
543,1715931343.7989638,201559.878793868,1715931344.1602724,201560.240108285,0.3613144170085434,FrameResult.NO_CHANGE,0.0
544,1715931344.282203,201560.362038451,1715931344.6100247,201560.689860535,0.3278220839856658,FrameResult.NO_CHANGE,0.0
545,1715931344.743483,201560.82331816,1715931345.0688765,201561.148712577,0.32539441701374017,FrameResult.LOW_CONFIDENCE,0.0
546,1715931345.2122939,201561.292129452,1715931345.2198231,201561.299658744,0.007529292022809386,FrameResult.CV_ERROR,0.0
547,1715931345.3338869,201561.413721119,1715931345.3415015,201561.421335952,0.007614833011757582,FrameResult.CV_ERROR,0.0
548,1715931345.455616,201561.535450535,1715931345.8106165,201561.890452452,0.3550019169924781,FrameResult.NO_CHANGE,0.0
549,1715931345.954331,201562.034166119,1715931345.9621384,201562.041973952,0.0078078329970594496,FrameResult.CV_ERROR,0.0
550,1715931346.0856702,201562.165503577,1715931346.0932372,201562.173071577,0.00756800000090152,FrameResult.CV_ERROR,0.0
551,1715931346.2286768,201562.308511452,1715931346.5807772,201562.660613161,0.35210170899517834,FrameResult.SUCCESS,0.0
552,1715931346.724017,201562.803852036,1715931347.0519462,201563.131782161,0.32793012500042096,FrameResult.LOW_CONFIDENCE,0.0
553,1715931347.205368,201563.285202994,1715931347.5375998,201563.617435495,0.332232500979444,FrameResult.NO_CHANGE,0.0
554,1715931347.6906419,201563.770476995,1715931347.6994994,201563.779334453,0.008857457985868677,FrameResult.CV_ERROR,0.0
555,1715931347.8551028,201563.934936786,1715931347.8636749,201563.943509161,0.008572374994400889,FrameResult.CV_ERROR,0.0
556,1715931348.015996,201564.09583037,1715931348.0219789,201564.101813537,0.005983167007798329,FrameResult.CV_ERROR,0.0
557,1715931348.1878405,201564.267674162,1715931348.1959224,201564.275756453,0.008082290994934738,FrameResult.CV_ERROR,0.0
558,1715931348.335105,201564.414939037,1715931348.3428137,201564.42264787,0.007708832999924198,FrameResult.CV_ERROR,0.0
559,1715931348.47306,201564.552893828,1715931348.4802063,201564.56004087,0.007147042022552341,FrameResult.CV_ERROR,0.0
560,1715931348.6215646,201564.70139887,1715931348.6291635,201564.708996787,0.007597916992381215,FrameResult.CV_ERROR,0.0
561,1715931348.7642846,201564.844118704,1715931348.7722542,201564.852088454,0.007969750004122034,FrameResult.CV_ERROR,0.0
562,1715931348.923069,201565.002902912,1715931348.9311354,201565.01096987,0.008066957991104573,FrameResult.CV_ERROR,0.0
563,1715931349.093302,201565.173135954,1715931349.444539,201565.524374871,0.3512389169773087,FrameResult.NO_CHANGE,0.0
564,1715931349.5517592,201565.631594787,1715931349.5573595,201565.637194996,0.005600208998657763,FrameResult.CV_ERROR,0.0
565,1715931349.6788173,201565.758647746,1715931349.6856308,201565.765465121,0.006817374989623204,FrameResult.CV_ERROR,0.0
566,1715931349.803607,201565.883441496,1715931350.153045,201566.232880871,0.34943937498610467,FrameResult.NO_CHANGE,0.0
567,1715931350.294968,201566.374803079,1715931350.301823,201566.381658579,0.006855499988887459,FrameResult.CV_ERROR,0.0
568,1715931350.4397554,201566.519588663,1715931350.447652,201566.527486204,0.00789754098514095,FrameResult.CV_ERROR,0.0
569,1715931350.5596063,201566.639440579,1715931350.567531,201566.647365371,0.007924792007543147,FrameResult.CV_ERROR,0.0
570,1715931350.6844928,201566.764327413,1715931350.691673,201566.771507621,0.007180207991041243,FrameResult.CV_ERROR,0.0
571,1715931350.8143935,201566.894224163,1715931351.1720839,201567.251919538,0.35769537498708814,FrameResult.SUCCESS,0.0
572,1715931351.2919064,201567.371741496,1715931351.6148481,201567.694683872,0.32294237599126063,FrameResult.NO_CHANGE,0.0
573,1715931351.7835648,201567.863399913,1715931352.1167035,201568.19653933,0.333139416994527,FrameResult.NO_CHANGE,0.0
574,1715931352.227652,201568.307487414,1715931352.2447157,201568.32455158,0.017064166022464633,FrameResult.JUNK_FRAME,0.0
575,1715931352.450669,201568.53050358,1715931352.484491,201568.564326705,0.033823125006165355,FrameResult.JUNK_FRAME,0.0
576,1715931352.6122358,201568.692070289,1715931352.6428132,201568.722648664,0.03057837500819005,FrameResult.JUNK_FRAME,0.0
577,1715931352.7920108,201568.871844997,1715931352.8232777,201568.903113497,0.031268500024452806,FrameResult.JUNK_FRAME,0.0
578,1715931352.9446504,201569.024485039,1715931352.9773755,201569.057211164,0.03272612500586547,FrameResult.JUNK_FRAME,0.0
579,1715931353.1346269,201569.214461331,1715931353.486295,201569.566130872,0.35166954100714065,FrameResult.NO_CHANGE,0.0
580,1715931353.602365,201569.682200456,1715931353.618714,201569.698549873,0.016349416982848197,FrameResult.JUNK_FRAME,0.0
581,1715931353.7556999,201569.835534248,1715931354.1103895,201570.190225164,0.35469091599225067,FrameResult.NO_CHANGE,0.0
582,1715931354.226759,201570.306594498,1715931354.2442687,201570.324104206,0.017509708006400615,FrameResult.JUNK_FRAME,0.0
583,1715931354.3597014,201570.439534998,1715931354.3864524,201570.466287831,0.02675283298594877,FrameResult.JUNK_FRAME,0.0
584,1715931354.5276845,201570.607518998,1715931354.5614161,201570.641251706,0.03373270799056627,FrameResult.JUNK_FRAME,0.0
585,1715931354.7173367,201570.797170706,1715931354.749967,201570.829802873,0.03263216698542237,FrameResult.JUNK_FRAME,0.0
586,1715931354.9095447,201570.989378915,1715931354.9419603,201571.021795956,0.03241704101674259,FrameResult.JUNK_FRAME,0.0
587,1715931355.0682588,201571.148093332,1715931355.1008694,201571.18070504,0.032611707982141525,FrameResult.JUNK_FRAME,0.0
588,1715931355.226978,201571.30681254,1715931355.2593606,201571.33919629,0.03238375001819804,FrameResult.JUNK_FRAME,0.0
589,1715931355.4263167,201571.50615129,1715931355.7814631,201571.86129879,0.35514749999856576,FrameResult.SUCCESS,0.0
590,1715931355.936916,201572.016751707,1715931356.268964,201572.348799999,0.3320482919807546,FrameResult.NO_CHANGE,0.0
591,1715931356.4012918,201572.481127332,1715931356.728048,201572.807883999,0.3267566669965163,FrameResult.NO_CHANGE,0.0
592,1715931356.9042685,201572.984102916,1715931357.2416134,201573.321449124,0.33734620799077675,FrameResult.NO_CHANGE,0.0
593,1715931357.4051187,201573.484953999,1715931357.4134557,201573.493291041,0.008337042003404349,FrameResult.CV_ERROR,0.0
594,1715931357.5647862,201573.644620249,1715931357.921765,201574.001600833,0.356980584008852,FrameResult.NO_CHANGE,0.0
595,1715931358.0345242,201574.11435975,1715931358.04068,201574.120515458,0.006155707989819348,FrameResult.CV_ERROR,0.0
596,1715931358.1508603,201574.230693791,1715931358.1577606,201574.237594875,0.0069010840088594705,FrameResult.CV_ERROR,0.0
597,1715931358.2671278,201574.346962041,1715931358.6219146,201574.70175025,0.3547882090206258,FrameResult.NO_CHANGE,0.0
598,1715931358.737775,201574.817610583,1715931358.7436206,201574.823456167,0.0058455840044189245,FrameResult.CV_ERROR,0.0
599,1715931358.8602946,201574.940129042,1715931359.2130563,201575.292892125,0.352763083006721,FrameResult.NO_CHANGE,0.0
600,1715931359.359702,201575.439537167,1715931359.3675458,201575.44738175,0.007844583014957607,FrameResult.CV_ERROR,0.0
601,1715931359.4926672,201575.572501167,1715931359.5002067,201575.580041417,0.007540250022429973,FrameResult.CV_ERROR,0.0
602,1715931359.6204364,201575.700270917,1715931359.6271913,201575.707026084,0.006755167007213458,FrameResult.CV_ERROR,0.0
603,1715931359.7836766,201575.863510292,1715931359.791745,201575.871579125,0.008068833005381748,FrameResult.CV_ERROR,0.0
604,1715931359.9593308,201576.039165251,1715931360.317285,201576.397120917,0.3579556660261005,FrameResult.NO_CHANGE,0.0
605,1715931360.472108,201576.551942834,1715931360.8083596,201576.888195043,0.3362522090028506,FrameResult.SUCCESS,0.0
606,1715931360.9354832,201577.015318209,1715931361.2625234,201577.342359168,0.3270409589749761,FrameResult.NO_CHANGE,0.0
607,1715931361.4072366,201577.487072043,1715931361.4150171,201577.494852751,0.00778070799424313,FrameResult.CV_ERROR,0.0
608,1715931361.5397463,201577.619580543,1715931361.8936474,201577.973482918,0.35390237500541843,FrameResult.NO_CHANGE,0.0
609,1715931361.996554,201578.076389668,1715931362.3166816,201578.39651746,0.3201277920161374,FrameResult.NO_CHANGE,0.0
610,1715931362.4670377,201578.546872877,1715931362.47538,201578.555215418,0.008342540997546166,FrameResult.CV_ERROR,0.0
611,1715931362.6224341,201578.702267752,1715931362.6300197,201578.709853877,0.00758612499339506,FrameResult.CV_ERROR,0.0
612,1715931362.7545903,201578.83442421,1715931362.7622852,201578.842119544,0.007695333973970264,FrameResult.CV_ERROR,0.0
613,1715931362.892379,201578.972212502,1715931363.251441,201579.331276752,0.35906424999120645,FrameResult.NO_CHANGE,0.0
614,1715931363.3726258,201579.452461419,1715931363.3785121,201579.458347836,0.005886416998691857,FrameResult.CV_ERROR,0.0
615,1715931363.5228007,201579.602634336,1715931363.5306199,201579.610454211,0.007819874997949228,FrameResult.CV_ERROR,0.0
616,1715931363.657584,201579.737414127,1715931364.0104625,201580.090298377,0.3528842499945313,FrameResult.NO_CHANGE,0.0
617,1715931364.1638694,201580.243704628,1715931364.172428,201580.252263128,0.008558500005165115,FrameResult.CV_ERROR,0.0
618,1715931364.2891076,201580.368941836,1715931364.297492,201580.377326253,0.008384416985791177,FrameResult.CV_ERROR,0.0
619,1715931364.4273336,201580.507167919,1715931364.4350517,201580.514886253,0.007718334003584459,FrameResult.CV_ERROR,0.0
620,1715931364.601423,201580.681257711,1715931364.6092618,201580.689096211,0.007838499994250014,FrameResult.CV_ERROR,0.0
621,1715931364.7670872,201580.84910271,1715931364.774649,201580.856664544,0.007561834005173296,FrameResult.CV_ERROR,0.0
622,1715931364.9022584,201580.984274169,1715931364.9097054,201580.991721252,0.00744708301499486,FrameResult.CV_ERROR,0.0
623,1715931365.071064,201581.152999544,1715931365.4280756,201581.510092586,0.35709304199554026,FrameResult.SUCCESS,0.0
624,1715931365.5525677,201581.634584669,1715931365.8835335,201581.965550669,0.33096600000862963,FrameResult.NO_CHANGE,0.0
625,1715931366.0348926,201582.116909252,1715931366.3725564,201582.454573544,0.3376642919902224,FrameResult.NO_CHANGE,0.0
626,1715931366.5778785,201582.659892878,1715931366.6350143,201582.717031378,0.05713850000756793,FrameResult.JUNK_FRAME,0.0
627,1715931366.7484722,201582.830487169,1715931366.8033566,201582.885373545,0.05488637599046342,FrameResult.JUNK_FRAME,0.0
628,1715931366.9347317,201583.01674692,1715931367.2943523,201583.376369545,0.35962262499378994,FrameResult.NO_CHANGE,0.0
629,1715931367.44519,201583.527206586,1715931367.4900084,201583.572024295,0.04481770898564719,FrameResult.JUNK_FRAME,0.0
630,1715931367.6289797,201583.71099217,1715931367.980464,201584.06248092,0.3514887499914039,FrameResult.NO_CHANGE,0.0
631,1715931368.1275861,201584.209602712,1715931368.457915,201584.539932462,0.3303297499951441,FrameResult.NO_CHANGE,0.0
632,1715931368.5970216,201584.679038545,1715931368.638528,201584.720544962,0.04150641700834967,FrameResult.JUNK_FRAME,0.0
633,1715931368.7839684,201584.86598442,1715931369.136661,201585.218678171,0.35269375098869205,FrameResult.NO_CHANGE,0.0
634,1715931369.2923036,201585.374320087,1715931369.3373098,201585.419326379,0.04500629199901596,FrameResult.JUNK_FRAME,0.0
635,1715931369.538153,201585.620168212,1715931369.599589,201585.681606129,0.061437917000148445,FrameResult.JUNK_FRAME,0.0
636,1715931369.7293203,201585.811336088,1715931370.0917754,201586.173792796,0.36245670801145025,FrameResult.SUCCESS,0.0
637,1715931370.2224572,201586.304474046,1715931370.5638738,201586.645890963,0.3414169170137029,FrameResult.NO_CHANGE,0.0
638,1715931370.718025,201586.800041421,1715931371.062691,201587.144708213,0.34466679199249484,FrameResult.NO_CHANGE,0.0
639,1715931371.1854908,201587.267507713,1715931371.522214,201587.604231172,0.33672345901140943,FrameResult.NO_CHANGE,0.0
640,1715931371.6423793,201587.72439588,1715931371.6811492,201587.763166422,0.0387705419852864,FrameResult.JUNK_FRAME,0.0
641,1715931371.8401227,201587.922138464,1715931372.1967409,201588.278757839,0.35661937500117347,FrameResult.NO_CHANGE,0.0
642,1715931372.3294256,201588.411442589,1715931372.371238,201588.45325413,0.04181154101388529,FrameResult.JUNK_FRAME,0.0
643,1715931372.5018647,201588.583881172,1715931372.8568187,201588.938835839,0.35495466701104306,FrameResult.NO_CHANGE,0.0
644,1715931372.9888341,201589.070850589,1715931373.03012,201589.112136172,0.04128558302181773,FrameResult.JUNK_FRAME,0.0
645,1715931373.1638556,201589.245872173,1715931373.2143126,201589.296329589,0.05045741601497866,FrameResult.JUNK_FRAME,0.0
646,1715931373.3574028,201589.439418131,1715931373.719933,201589.801950173,0.36253204199601896,FrameResult.NO_CHANGE,0.0
647,1715931373.8445528,201589.926568923,1715931374.1839387,201590.265955923,0.3393870000145398,FrameResult.NO_CHANGE,0.0
648,1715931374.301538,201590.383553965,1715931374.6347728,201590.716789965,0.3332360000058543,FrameResult.SUCCESS,0.0
649,1715931374.7567363,201590.83875309,1715931375.0907774,201591.172794548,0.33404145800159313,FrameResult.NO_CHANGE,0.0
650,1715931375.2376325,201591.319649174,1715931375.578939,201591.660956174,0.34130699999514036,FrameResult.NO_CHANGE,0.0
651,1715931375.7877617,201591.86977584,1715931376.1505032,201592.232520132,0.3627442920114845,FrameResult.NO_CHANGE,0.0
652,1715931376.360289,201592.442303632,1715931376.36744,201592.449455841,0.007152209000196308,FrameResult.CV_ERROR,0.0
653,1715931376.493972,201592.575987257,1715931376.8566983,201592.938715716,0.3627284590038471,FrameResult.NO_CHANGE,0.0
654,1715931377.0017443,201593.083761133,1715931377.3413455,201593.423362841,0.3396017079940066,FrameResult.NO_CHANGE,0.0
655,1715931377.500021,201593.58203705,1715931377.5088422,201593.590859466,0.008822416013572365,FrameResult.CV_ERROR,0.0
656,1715931377.6576304,201593.7396463,1715931377.6652517,201593.747268008,0.007621708005899563,FrameResult.CV_ERROR,0.0
657,1715931377.7817602,201593.863775675,1715931377.7901795,201593.872195425,0.008419749996392056,FrameResult.CV_ERROR,0.0
658,1715931377.9541233,201594.036138591,1715931377.9622352,201594.044251175,0.008112583978800103,FrameResult.CV_ERROR,0.0
659,1715931378.0982525,201594.18026805,1715931378.4591687,201594.541185842,0.3609177920152433,FrameResult.NO_CHANGE,0.0
660,1715931378.6223512,201594.704367717,1715931378.6316526,201594.713669342,0.009301624988438562,FrameResult.CV_ERROR,0.0
661,1715931378.7765424,201594.858558092,1715931378.784017,201594.866032467,0.0074743749864865094,FrameResult.CV_ERROR,0.0
662,1715931378.9116569,201594.993672717,1715931379.2829475,201595.364964717,0.3712919999961741,FrameResult.SUCCESS,0.0
663,1715931379.4068403,201595.488857384,1715931379.744192,201595.826209342,0.3373519579763524,FrameResult.NO_CHANGE,0.0
664,1715931379.8871145,201595.969131426,1715931380.2303867,201596.312403801,0.3432723750011064,FrameResult.NO_CHANGE,0.0
665,1715931380.3765059,201596.458522509,1715931380.4196885,201596.501705093,0.04318258399143815,FrameResult.JUNK_FRAME,0.0
666,1715931380.5327957,201596.614811926,1715931380.5839405,201596.665956676,0.05114475000300445,FrameResult.JUNK_FRAME,0.0
667,1715931380.7074215,201596.789437426,1715931381.0666726,201597.148689926,0.35925249999854714,FrameResult.NO_CHANGE,0.0
668,1715931381.1862855,201597.268302426,1715931381.2240522,201597.30606901,0.037766583991469815,FrameResult.JUNK_FRAME,0.0
669,1715931381.3367004,201597.418716843,1715931381.3804233,201597.462439426,0.04372258298099041,FrameResult.JUNK_FRAME,0.0
670,1715931381.5245802,201597.606596927,1715931381.5799007,201597.66191776,0.05532083299476653,FrameResult.JUNK_FRAME,0.0
671,1715931381.7094605,201597.791472385,1715931381.768319,201597.850335927,0.058863542013568804,FrameResult.JUNK_FRAME,0.0
672,1715931381.8835325,201597.965548302,1715931382.2420244,201598.324041677,0.3584933750098571,FrameResult.NO_CHANGE,0.0
673,1715931382.3844235,201598.466440177,1715931382.4292555,201598.511272135,0.04483195798820816,FrameResult.JUNK_FRAME,0.0
674,1715931382.5947702,201598.676785719,1715931382.6570773,201598.739094385,0.06230866600526497,FrameResult.JUNK_FRAME,0.0
675,1715931382.7943492,201598.876364927,1715931382.8551176,201598.937134677,0.06076974997995421,FrameResult.JUNK_FRAME,0.0
676,1715931382.9790547,201599.060997677,1715931383.036838,201599.118855427,0.05785774998366833,FrameResult.JUNK_FRAME,0.0
677,1715931383.1697862,201599.251801886,1715931383.2270226,201599.309039511,0.05723762497655116,FrameResult.JUNK_FRAME,0.0
678,1715931383.3603723,201599.442388469,1715931383.414812,201599.496829136,0.05444066700874828,FrameResult.JUNK_FRAME,0.0
679,1715931383.5645332,201599.646549261,1715931383.9342227,201600.016239469,0.369690207997337,FrameResult.SUCCESS,0.0
680,1715931384.079366,201600.161382678,1715931384.423833,201600.50584997,0.3444672920159064,FrameResult.NO_CHANGE,0.0
681,1715931384.5545235,201600.636540011,1715931384.561592,201600.64360872,0.0070687090046703815,FrameResult.CV_ERROR,0.0
682,1715931384.696978,201600.77899372,1715931384.7047095,201600.786725095,0.007731374993454665,FrameResult.CV_ERROR,0.0
683,1715931384.8575795,201600.939595595,1715931385.2232397,201601.305257012,0.365661416988587,FrameResult.NO_CHANGE,0.0
684,1715931385.336133,201601.418150012,1715931385.3417807,201601.423797512,0.005647499987389892,FrameResult.CV_ERROR,0.0
685,1715931385.4841738,201601.566189012,1715931385.4924679,201601.574482803,0.00829379100468941,FrameResult.CV_ERROR,0.0
686,1715931385.6158998,201601.697915845,1715931385.6258183,201601.707834178,0.009918333002133295,FrameResult.CV_ERROR,0.0
687,1715931385.760113,201601.842124804,1715931385.767677,201601.849692679,0.007567874999949709,FrameResult.CV_ERROR,0.0
688,1715931385.9003465,201601.982362429,1715931385.9081795,201601.990195262,0.007832833012798801,FrameResult.CV_ERROR,0.0
689,1715931386.023761,201602.105776887,1715931386.03155,201602.113564929,0.007788041984895244,FrameResult.CV_ERROR,0.0
690,1715931386.177793,201602.259808637,1715931386.5454693,201602.627486387,0.3676777500077151,FrameResult.NO_CHANGE,0.0
691,1715931386.6659296,201602.747946179,1715931386.6718037,201602.753820554,0.005874374997802079,FrameResult.CV_ERROR,0.0
692,1715931386.7952526,201602.877264221,1715931386.802691,201602.884705846,0.007441624999046326,FrameResult.CV_ERROR,0.0
693,1715931386.9155517,201602.997563221,1715931387.2834237,201603.365440804,0.3678775829903316,FrameResult.NO_CHANGE,0.0
694,1715931387.4066653,201603.488682388,1715931387.4125416,201603.494558679,0.005876290990272537,FrameResult.CV_ERROR,0.0
695,1715931387.5269666,201603.608982263,1715931387.5348861,201603.616901638,0.007919374998891726,FrameResult.CV_ERROR,0.0
696,1715931387.6741068,201603.756122929,1715931387.6818311,201603.763847054,0.007724125025561079,FrameResult.CV_ERROR,0.0
697,1715931387.8151674,201603.897183721,1715931387.82345,201603.90546118,0.008277458982774988,FrameResult.CV_ERROR,0.0
698,1715931387.9475162,201604.029532055,1715931387.9551575,201604.037173096,0.007641041011083871,FrameResult.CV_ERROR,0.0
699,1715931388.0872734,201604.169289221,1715931388.0948749,201604.17689043,0.007601209013955668,FrameResult.CV_ERROR,0.0
700,1715931388.2571478,201604.339163805,1715931388.624554,201604.706571097,0.3674072919820901,FrameResult.SUCCESS,0.0
701,1715931388.7648022,201604.846819055,1715931389.106569,201605.188586097,0.341767042002175,FrameResult.NO_CHANGE,0.0
702,1715931389.3268318,201605.408847555,1715931389.3920453,201605.47406218,0.06521462500677444,FrameResult.JUNK_FRAME,0.0
703,1715931389.5133355,201605.595351222,1715931389.5718617,201605.653878472,0.05852724998840131,FrameResult.JUNK_FRAME,0.0
704,1715931389.7074056,201605.789421847,1715931389.7651136,201605.847129639,0.05770779200247489,FrameResult.JUNK_FRAME,0.0
705,1715931389.8960624,201605.978078389,1715931389.9563131,201606.038329972,0.06025158302509226,FrameResult.JUNK_FRAME,0.0
706,1715931390.0878599,201606.169875722,1715931390.1497002,201606.231717056,0.06184133401256986,FrameResult.JUNK_FRAME,0.0
707,1715931390.2647223,201606.346733847,1715931390.3200464,201606.402063139,0.05532929199398495,FrameResult.JUNK_FRAME,0.0
708,1715931390.4531615,201606.535176847,1715931390.5110536,201606.593070014,0.057893166987923905,FrameResult.JUNK_FRAME,0.0
709,1715931390.6346905,201606.716706098,1715931390.9901543,201607.072171473,0.3554653750034049,FrameResult.NO_CHANGE,0.0
710,1715931391.1091053,201607.191122348,1715931391.1492167,201607.231233473,0.040111124981194735,FrameResult.JUNK_FRAME,0.0
711,1715931391.2801557,201607.362172348,1715931391.3321674,201607.414183556,0.05201120799756609,FrameResult.JUNK_FRAME,0.0
712,1715931391.4463508,201607.528367431,1715931391.4968553,201607.578871848,0.05050441701314412,FrameResult.JUNK_FRAME,0.0
713,1715931391.6200402,201607.702055723,1715931391.6734176,201607.755433806,0.05337808301555924,FrameResult.JUNK_FRAME,0.0
714,1715931391.7816036,201607.863619848,1715931391.8335,201607.915516181,0.05189633299596608,FrameResult.JUNK_FRAME,0.0
715,1715931391.958609,201608.040621015,1715931392.009892,201608.091908765,0.05128774998593144,FrameResult.JUNK_FRAME,0.0
716,1715931392.1705651,201608.252579765,1715931392.2382865,201608.320303473,0.06772370802354999,FrameResult.JUNK_FRAME,0.0
717,1715931392.3915458,201608.473560765,1715931392.4571114,201608.539128223,0.0655674579902552,FrameResult.JUNK_FRAME,0.0
718,1715931392.5631673,201608.645182848,1715931392.6165338,201608.698550515,0.05336766698746942,FrameResult.JUNK_FRAME,0.0
719,1715931392.7271278,201608.809144474,1715931392.7776916,201608.859708307,0.05056383297778666,FrameResult.JUNK_FRAME,0.0
720,1715931392.9492352,201609.031250474,1715931393.3135543,201609.395571515,0.3643210409791209,FrameResult.SUCCESS,0.0
721,1715931393.4199147,201609.501931474,1715931393.4257276,201609.507744516,0.005813042022055015,FrameResult.CV_ERROR,0.0
722,1715931393.5817308,201609.663746349,1715931393.9446309,201610.026647974,0.362901625019731,FrameResult.NO_CHANGE,0.0
723,1715931394.0919135,201610.173930099,1715931394.434038,201610.516055141,0.34212504199240357,FrameResult.NO_CHANGE,0.0
724,1715931394.5925767,201610.674593349,1715931394.6013553,201610.683372016,0.008778667019214481,FrameResult.CV_ERROR,0.0
725,1715931394.714661,201610.796996557,1715931394.72243,201610.804765557,0.007768999988911673,FrameResult.CV_ERROR,0.0
726,1715931394.84772,201610.93005564,1715931394.855805,201610.938140932,0.008085292007308453,FrameResult.CV_ERROR,0.0
727,1715931395.0163643,201611.098700557,1715931395.3761594,201611.458496849,0.35979629200301133,FrameResult.NO_CHANGE,0.0
728,1715931395.5047774,201611.587114682,1715931395.8351152,201611.917452766,0.3303380839934107,FrameResult.NO_CHANGE,0.0
729,1715931395.9578106,201612.040147891,1715931395.9639523,201612.046289724,0.006141833000583574,FrameResult.CV_ERROR,0.0
730,1715931396.0904815,201612.172813558,1715931396.4571006,201612.539437933,0.36662437501945533,FrameResult.NO_CHANGE,0.0
731,1715931396.5664139,201612.648751349,1715931396.5721111,201612.654448474,0.00569712498690933,FrameResult.CV_ERROR,0.0
732,1715931396.6880946,201612.770430599,1715931396.694955,201612.777290891,0.006860292021883652,FrameResult.CV_ERROR,0.0
733,1715931396.828506,201612.9108386,1715931396.8367016,201612.919037516,0.008198916009860113,FrameResult.CV_ERROR,0.0
734,1715931396.9901955,201613.072531475,1715931396.998358,201613.080693516,0.008162041020113975,FrameResult.CV_ERROR,0.0
735,1715931397.1235092,201613.205845183,1715931397.131132,201613.2134681,0.007622917008120567,FrameResult.CV_ERROR,0.0
736,1715931397.2794871,201613.361823141,1715931397.6419606,201613.724298225,0.36247508399537764,FrameResult.NO_CHANGE,0.0
737,1715931397.7748952,201613.857232475,1715931398.107362,201614.189699517,0.33246704199700616,FrameResult.SUCCESS,0.0
738,1715931398.2568557,201614.33919285,1715931398.5984,201614.680737434,0.3415445840219036,FrameResult.NO_CHANGE,0.0
739,1715931398.7127845,201614.795121975,1715931398.7186038,201614.800940559,0.005818584002554417,FrameResult.CV_ERROR,0.0
740,1715931398.8775985,201614.959930975,1715931398.8852787,201614.96761485,0.007683875010116026,FrameResult.CV_ERROR,0.0
741,1715931399.0222585,201615.104594226,1715931399.0299668,201615.112302934,0.007708707998972386,FrameResult.CV_ERROR,0.0
742,1715931399.1653883,201615.247724017,1715931399.1734157,201615.255751684,0.0080276669759769,FrameResult.CV_ERROR,0.0
743,1715931399.3301103,201615.412445851,1715931399.338109,201615.420443892,0.007998041022801772,FrameResult.CV_ERROR,0.0
744,1715931399.471905,201615.554240934,1715931399.841499,201615.923836684,0.36959575000219047,FrameResult.NO_CHANGE,0.0
745,1715931399.9575214,201616.039858393,1715931399.9633873,201616.045724684,0.0058662910014390945,FrameResult.CV_ERROR,0.0
746,1715931400.0810556,201616.163391143,1715931400.0888596,201616.171194976,0.0078038329957053065,FrameResult.CV_ERROR,0.0
747,1715931400.2387393,201616.321075143,1715931400.2469933,201616.329329601,0.008254457992734388,FrameResult.CV_ERROR,0.0
748,1715931400.3989437,201616.481279393,1715931400.4073434,201616.48967856,0.008399167010793462,FrameResult.CV_ERROR,0.0
749,1715931400.5293815,201616.61171681,1715931400.5385938,201616.620929726,0.009212915989337489,FrameResult.CV_ERROR,0.0
750,1715931400.6711767,201616.753512435,1715931401.037859,201617.12019656,0.3666841249796562,FrameResult.LOW_CONFIDENCE,0.0
751,1715931401.1695817,201617.251918435,1715931401.1765575,201617.258895143,0.0069767079839948565,FrameResult.CV_ERROR,0.0
752,1715931401.3347986,201617.41713481,1715931401.6948268,201617.777164227,0.36002941700280644,FrameResult.NO_CHANGE,0.0
753,1715931401.8230205,201617.905357519,1715931401.830108,201617.912445227,0.007087708014296368,FrameResult.CV_ERROR,0.0
754,1715931401.948643,201618.030979144,1715931402.309137,201618.391474602,0.3604954579786863,FrameResult.LOW_CONFIDENCE,0.0
755,1715931402.4454627,201618.527800019,1715931402.790042,201618.872379352,0.3445793330029119,FrameResult.SUCCESS,0.0
756,1715931402.9187355,201619.001072811,1715931403.2604673,201619.342804769,0.3417319580039475,FrameResult.NO_CHANGE,0.0
757,1715931403.3945065,201619.476843769,1715931403.4362488,201619.518585686,0.04174191699712537,FrameResult.JUNK_FRAME,0.0
758,1715931403.581836,201619.664171519,1715931403.6394763,201619.721812978,0.05764145901775919,FrameResult.JUNK_FRAME,0.0
759,1715931403.7774796,201619.859815311,1715931403.8386364,201619.920973645,0.06115833399235271,FrameResult.JUNK_FRAME,0.0
760,1715931403.9732125,201620.05554877,1715931404.0326142,201620.11495152,0.05940274999011308,FrameResult.JUNK_FRAME,0.0
761,1715931404.168807,201620.251143061,1715931404.2319806,201620.314317478,0.06317441700957716,FrameResult.JUNK_FRAME,0.0
762,1715931404.3691921,201620.451528603,1715931404.426489,201620.508826061,0.057297457999084145,FrameResult.JUNK_FRAME,0.0
763,1715931404.5738544,201620.656190312,1715931404.6375186,201620.719855937,0.06366562499897555,FrameResult.JUNK_FRAME,0.0
764,1715931404.7524388,201620.834775395,1715931404.8072054,201620.88954277,0.05476737499702722,FrameResult.JUNK_FRAME,0.0
765,1715931404.9213479,201621.003684187,1715931404.9725847,201621.054921728,0.05123754101805389,FrameResult.JUNK_FRAME,0.0
766,1715931405.0855882,201621.167924687,1715931405.1380098,201621.220346812,0.05242212500888854,FrameResult.JUNK_FRAME,0.0
767,1715931405.2530532,201621.335389645,1715931405.302723,201621.385060145,0.04967049998231232,FrameResult.JUNK_FRAME,0.0
768,1715931405.4260483,201621.508383937,1715931405.481267,201621.563604229,0.05522029200801626,FrameResult.JUNK_FRAME,0.0
769,1715931405.654501,201621.73683677,1715931406.0236363,201622.105973562,0.369136791996425,FrameResult.NO_CHANGE,0.0
770,1715931406.1580982,201622.240435146,1715931406.2009735,201622.283310354,0.04287520798970945,FrameResult.JUNK_FRAME,0.0
771,1715931406.3434565,201622.425792896,1715931406.3961713,201622.478508312,0.05271541597903706,FrameResult.JUNK_FRAME,0.0
772,1715931406.514422,201622.596757854,1715931406.567488,201622.649824896,0.05306704202666879,FrameResult.JUNK_FRAME,0.0
773,1715931406.692191,201622.774527354,1715931406.7462964,201622.828633771,0.05410641699563712,FrameResult.JUNK_FRAME,0.0
774,1715931406.8772976,201622.959633979,1715931406.9391046,201623.021441938,0.06180795902037062,FrameResult.JUNK_FRAME,0.0
775,1715931407.0709662,201623.153302229,1715931407.4332564,201623.515593938,0.3622917089960538,FrameResult.SUCCESS,0.0
776,1715931407.5571597,201623.639496855,1715931407.8938544,201623.976192021,0.3366951659845654,FrameResult.NO_CHANGE,0.0
777,1715931408.045527,201624.127863563,1715931408.3933566,201624.475693897,0.3478303340089042,FrameResult.NO_CHANGE,0.0
778,1715931408.6108434,201624.693178313,1715931408.674372,201624.756708564,0.06353025100543164,FrameResult.JUNK_FRAME,0.0
779,1715931408.7960188,201624.878355355,1715931408.853167,201624.935504147,0.05714879199513234,FrameResult.JUNK_FRAME,0.0
780,1715931408.9708908,201625.053226939,1715931409.0239825,201625.106319814,0.05309287499403581,FrameResult.JUNK_FRAME,0.0
781,1715931409.1487608,201625.231096939,1715931409.2056134,201625.28795023,0.05685329099651426,FrameResult.JUNK_FRAME,0.0
782,1715931409.351409,201625.433744439,1715931409.7202911,201625.802628356,0.3688839169917628,FrameResult.NO_CHANGE,0.0
783,1715931409.8440402,201625.926377439,1715931409.8819914,201625.964328647,0.037951208010781556,FrameResult.JUNK_FRAME,0.0
784,1715931410.0081794,201626.090516356,1715931410.3624716,201626.444809189,0.35429283301346004,FrameResult.NO_CHANGE,0.0
785,1715931410.493307,201626.575644273,1715931410.5336,201626.615936898,0.04029262499534525,FrameResult.JUNK_FRAME,0.0
786,1715931410.6537776,201626.736114439,1715931410.7015917,201626.783929148,0.04781470898888074,FrameResult.JUNK_FRAME,0.0
787,1715931410.8306103,201626.912946523,1715931410.884797,201626.967134065,0.054187542002182454,FrameResult.JUNK_FRAME,0.0
788,1715931411.0214336,201627.103769315,1715931411.0821042,201627.164441856,0.06067254100344144,FrameResult.JUNK_FRAME,0.0
789,1715931411.1950495,201627.277385648,1715931411.2503002,201627.33263744,0.055251792015042156,FrameResult.JUNK_FRAME,0.0
790,1715931411.372783,201627.455119315,1715931411.4280944,201627.510431981,0.05531266599427909,FrameResult.JUNK_FRAME,0.0
791,1715931411.573152,201627.655488232,1715931411.6371422,201627.719479398,0.06399116598186083,FrameResult.JUNK_FRAME,0.0
792,1715931411.7574503,201627.839786398,1715931412.123792,201628.206129273,0.36634287500055507,FrameResult.SUCCESS,0.0
793,1715931412.250295,201628.332632065,1715931412.5973246,201628.679662065,0.3470300000044517,FrameResult.NO_CHANGE,0.0
794,1715931412.814853,201628.897184857,1715931412.8230515,201628.905387065,0.008202208002330735,FrameResult.CV_ERROR,0.0
795,1715931412.963219,201629.045553441,1715931413.3317947,201629.414132066,0.3685786249989178,FrameResult.NO_CHANGE,0.0
796,1715931413.46322,201629.545557107,1715931413.4697516,201629.552088857,0.006531749997520819,FrameResult.CV_ERROR,0.0
797,1715931413.628067,201629.710403233,1715931413.9996915,201630.082029024,0.3716257909836713,FrameResult.NO_CHANGE,0.0
798,1715931414.1170187,201630.199355899,1715931414.4573414,201630.539678775,0.34032287599984556,FrameResult.NO_CHANGE,0.0
799,1715931414.673907,201630.756242483,1715931414.681924,201630.764259566,0.008017082989681512,FrameResult.CV_ERROR,0.0
800,1715931414.8275537,201630.909889358,1715931414.835445,201630.917781275,0.00789191699004732,FrameResult.CV_ERROR,0.0
801,1715931414.967858,201631.05019415,1715931414.9774706,201631.05980665,0.009612499998183921,FrameResult.CV_ERROR,0.0
802,1715931415.1152372,201631.197573025,1715931415.4862962,201631.568633567,0.3710605419764761,FrameResult.NO_CHANGE,0.0
803,1715931415.5950344,201631.677371525,1715931415.60112,201631.683457567,0.006086042005335912,FrameResult.CV_ERROR,0.0
804,1715931415.7153335,201631.797669859,1715931415.7231355,201631.805471775,0.007801916013704613,FrameResult.CV_ERROR,0.0
805,1715931415.857845,201631.9401809,1715931415.8663054,201631.948641317,0.008460416982416064,FrameResult.CV_ERROR,0.0
806,1715931416.0221848,201632.104520984,1715931416.0297873,201632.11212365,0.007602666009915993,FrameResult.CV_ERROR,0.0
807,1715931416.182325,201632.264660359,1715931416.190305,201632.27264115,0.007980790978763252,FrameResult.CV_ERROR,0.0
808,1715931416.3435524,201632.425888025,1715931416.7163634,201632.798700901,0.3728128760121763,FrameResult.SUCCESS,0.0
809,1715931416.8368843,201632.919221359,1715931416.8430839,201632.925421026,0.006199666997417808,FrameResult.CV_ERROR,0.0
810,1715931416.9912753,201633.073610734,1715931417.3609548,201633.443292318,0.3696815840085037,FrameResult.NO_CHANGE,0.0
811,1715931417.5037208,201633.586057609,1715931417.5113466,201633.593684068,0.007626459002494812,FrameResult.CV_ERROR,0.0
812,1715931417.6513593,201633.733695276,1715931417.6591876,201633.741523776,0.007828500005416572,FrameResult.CV_ERROR,0.0
813,1715931417.8195274,201633.901863651,1715931418.1871512,201634.269488443,0.3676247920084279,FrameResult.NO_CHANGE,0.0
814,1715931418.339217,201634.421553318,1715931418.6879294,201634.770266693,0.34871337498771027,FrameResult.NO_CHANGE,0.0
815,1715931418.8031867,201634.885523902,1715931419.1474419,201635.229779527,0.3442556250083726,FrameResult.NO_CHANGE,0.0
816,1715931419.2661679,201635.348504944,1715931419.2722774,201635.354614694,0.006109749985625967,FrameResult.CV_ERROR,0.0
817,1715931419.4041445,201635.486480027,1715931419.4122193,201635.494555527,0.008075499994447455,FrameResult.CV_ERROR,0.0
818,1715931419.5482628,201635.63059861,1715931419.5562227,201635.638558819,0.007960208982694894,FrameResult.CV_ERROR,0.0
819,1715931419.6798992,201635.76223511,1715931420.047834,201636.130171236,0.36793612598557957,FrameResult.NO_CHANGE,0.0
820,1715931420.1998668,201636.282203944,1715931420.551788,201636.634125486,0.3519215419946704,FrameResult.NO_CHANGE,0.0
821,1715931420.7752604,201636.857594194,1715931420.7833645,201636.865700361,0.00810616699163802,FrameResult.CV_ERROR,0.0
822,1715931420.905785,201636.988119694,1715931421.2700834,201637.352420778,0.3643010840169154,FrameResult.SUCCESS,0.0
